# Gene Family	demo_Abundance-CPM
UNMAPPED	676636.0
UNGROUPED	26540.020789999984
UNGROUPED|unclassified	26540.020789999984
1-ACYLGLYCEROL-3-P-ACYLTRANSFER-RXN	201.7719
1-ACYLGLYCEROL-3-P-ACYLTRANSFER-RXN|unclassified	201.7719
1.1.1.292-RXN	145.934
1.1.1.292-RXN|unclassified	145.934
1.17.4.2-RXN	670.565
1.17.4.2-RXN|unclassified	670.565
1.2.4.4-RXN	463.877
1.2.4.4-RXN|unclassified	463.877
1.2.7.7-RXN	115.113
1.2.7.7-RXN|unclassified	115.113
1.2.7.8-RXN	666.0448
1.2.7.8-RXN|unclassified	666.0448
1.4.1.21-RXN	269.548
1.4.1.21-RXN|unclassified	269.548
1.5.1.20-RXN	410.49890000000005
1.5.1.20-RXN|unclassified	410.49890000000005
1.5.1.34-RXN	328.943
1.5.1.34-RXN|unclassified	328.943
1.6.4.4-RXN	213.301
1.6.4.4-RXN|unclassified	213.301
1.7.2.2-RXN	317.347
1.7.2.2-RXN|unclassified	317.347
1.8.1.4-RXN	518.3096
1.8.1.4-RXN|unclassified	518.3096
1.8.4.12-RXN	273.333
1.8.4.12-RXN|unclassified	273.333
1TRANSKETO-RXN	266.962
1TRANSKETO-RXN|unclassified	266.962
2-AMINOADIPATE-AMINOTRANSFERASE-RXN	305.4526
2-AMINOADIPATE-AMINOTRANSFERASE-RXN|unclassified	305.4526
2-DEHYDROPANTOATE-REDUCT-RXN	315.561
2-DEHYDROPANTOATE-REDUCT-RXN|unclassified	315.561
2-ISOPROPYLMALATESYN-RXN	351.509
2-ISOPROPYLMALATESYN-RXN|unclassified	351.509
2-NITROPROPANE-DIOXYGENASE-RXN	275.2086
2-NITROPROPANE-DIOXYGENASE-RXN|unclassified	275.2086
2-OXOBUTYRATE-SYNTHASE-RXN	115.113
2-OXOBUTYRATE-SYNTHASE-RXN|unclassified	115.113
2-OXOGLUTARATE-SYNTHASE-RXN	121.873
2-OXOGLUTARATE-SYNTHASE-RXN|unclassified	121.873
2.1.1.34-RXN	138.33
2.1.1.34-RXN|unclassified	138.33
2.1.1.63-RXN	317.794
2.1.1.63-RXN|unclassified	317.794
2.1.1.72-RXN	1872.829
2.1.1.72-RXN|unclassified	1872.829
2.1.3.1-RXN	70.3673
2.1.3.1-RXN|unclassified	70.3673
2.1.3.9-RXN	522.886
2.1.3.9-RXN|unclassified	522.886
2.3.1.128-RXN	178.015
2.3.1.128-RXN|unclassified	178.015
2.3.1.179-RXN	467.3169
2.3.1.179-RXN|unclassified	467.3169
2.3.1.180-RXN	1103.3696
2.3.1.180-RXN|unclassified	1103.3696
2.3.1.41-RXN	260.763
2.3.1.41-RXN|unclassified	260.763
2.3.1.89-RXN	324.108
2.3.1.89-RXN|unclassified	324.108
2.4.1.129-RXN	792.172
2.4.1.129-RXN|unclassified	792.172
2.4.1.54-RXN	178.294
2.4.1.54-RXN|unclassified	178.294
2.5.1.19-RXN	504.952
2.5.1.19-RXN|unclassified	504.952
2.5.1.64-RXN	375.197
2.5.1.64-RXN|unclassified	375.197
2.6.1.37-RXN	487.18950000000007
2.6.1.37-RXN|unclassified	487.18950000000007
2.7.1.148-RXN	436.733
2.7.1.148-RXN|unclassified	436.733
2.7.1.90-RXN	182.351
2.7.1.90-RXN|unclassified	182.351
2.7.10.1-RXN	80.0994
2.7.10.1-RXN|unclassified	80.0994
2.7.13.3-RXN	13690.772500000005
2.7.13.3-RXN|unclassified	13690.772500000005
2.7.7.13-RXN	1270.172
2.7.7.13-RXN|unclassified	1270.172
2.7.7.33-RXN	654.616
2.7.7.33-RXN|unclassified	654.616
2.7.7.8-RXN	463.67100000000005
2.7.7.8-RXN|unclassified	463.67100000000005
2.7.8.11-RXN	106.983
2.7.8.11-RXN|unclassified	106.983
2.7.8.6-RXN	98.1305
2.7.8.6-RXN|unclassified	98.1305
2.8.1.6-RXN	501.0906
2.8.1.6-RXN|unclassified	501.0906
2PGADEHYDRAT-RXN	584.7884
2PGADEHYDRAT-RXN|unclassified	584.7884
2TRANSKETO-RXN	266.962
2TRANSKETO-RXN|unclassified	266.962
3-CH3-2-OXOBUTANOATE-OH-CH3-XFER-RXN	450.2234
3-CH3-2-OXOBUTANOATE-OH-CH3-XFER-RXN|unclassified	450.2234
3-DEHYDROQUINATE-DEHYDRATASE-RXN	375.8889
3-DEHYDROQUINATE-DEHYDRATASE-RXN|unclassified	375.8889
3-DEHYDROQUINATE-SYNTHASE-RXN	163.546
3-DEHYDROQUINATE-SYNTHASE-RXN|unclassified	163.546
3-HYDROXYDECANOYL-ACP-DEHYDR-RXN	587.0914
3-HYDROXYDECANOYL-ACP-DEHYDR-RXN|unclassified	587.0914
3-OXOACYL-ACP-REDUCT-RXN	1375.6847999999998
3-OXOACYL-ACP-REDUCT-RXN|unclassified	1375.6847999999998
3-OXOACYL-ACP-SYNTH-BASE-RXN	467.3169
3-OXOACYL-ACP-SYNTH-BASE-RXN|unclassified	467.3169
3-OXOACYL-ACP-SYNTH-RXN	260.763
3-OXOACYL-ACP-SYNTH-RXN|unclassified	260.763
3.1.11.6-RXN	1110.4072
3.1.11.6-RXN|unclassified	1110.4072
3.1.13.1-RXN	545.6952
3.1.13.1-RXN|unclassified	545.6952
3.1.21.2-RXN	321.193
3.1.21.2-RXN|unclassified	321.193
3.1.21.3-RXN	927.9850000000001
3.1.21.3-RXN|unclassified	927.9850000000001
3.1.21.4-RXN	685.7623000000001
3.1.21.4-RXN|unclassified	685.7623000000001
3.1.26.11-RXN	682.346
3.1.26.11-RXN|unclassified	682.346
3.1.26.3-RXN	261.49789999999996
3.1.26.3-RXN|unclassified	261.49789999999996
3.1.26.4-RXN	662.4147
3.1.26.4-RXN|unclassified	662.4147
3.1.26.5-RXN	110.027
3.1.26.5-RXN|unclassified	110.027
3.2.1.1-RXN	495.8436
3.2.1.1-RXN|unclassified	495.8436
3.2.1.131-RXN	548.326
3.2.1.131-RXN|unclassified	548.326
3.2.1.135-RXN	623.7049999999999
3.2.1.135-RXN|unclassified	623.7049999999999
3.2.1.151-RXN	465.305
3.2.1.151-RXN|unclassified	465.305
3.2.1.165-RXN	1250.9350000000002
3.2.1.165-RXN|unclassified	1250.9350000000002
3.2.1.17-RXN	578.347
3.2.1.17-RXN|unclassified	578.347
3.2.1.18-RXN	308.75100000000003
3.2.1.18-RXN|unclassified	308.75100000000003
3.2.1.21-RXN	2427.5025
3.2.1.21-RXN|unclassified	2427.5025
3.2.1.23-RXN	3618.6432
3.2.1.23-RXN|unclassified	3618.6432
3.2.1.25-RXN	529.009
3.2.1.25-RXN|unclassified	529.009
3.2.1.3-RXN	377.14
3.2.1.3-RXN|unclassified	377.14
3.2.1.37-RXN	762.766
3.2.1.37-RXN|unclassified	762.766
3.2.1.49-RXN	322.116
3.2.1.49-RXN|unclassified	322.116
3.2.1.50-RXN	587.575
3.2.1.50-RXN|unclassified	587.575
3.2.1.52-RXN	1491.1409999999998
3.2.1.52-RXN|unclassified	1491.1409999999998
3.2.1.55-RXN	1942.461
3.2.1.55-RXN|unclassified	1942.461
3.2.1.6-RXN	251.54
3.2.1.6-RXN|unclassified	251.54
3.2.1.78-RXN	520.542
3.2.1.78-RXN|unclassified	520.542
3.2.1.8-RXN	1039.958
3.2.1.8-RXN|unclassified	1039.958
3.2.1.80-RXN	121.79
3.2.1.80-RXN|unclassified	121.79
3.2.1.82-RXN	940.261
3.2.1.82-RXN|unclassified	940.261
3.2.1.89-RXN	244.862
3.2.1.89-RXN|unclassified	244.862
3.2.1.96-RXN	505.437
3.2.1.96-RXN|unclassified	505.437
3.2.1.99-RXN	381.82399999999996
3.2.1.99-RXN|unclassified	381.82399999999996
3.4.11.18-RXN	1150.757
3.4.11.18-RXN|unclassified	1150.757
3.4.11.4-RXN	523.8942999999999
3.4.11.4-RXN|unclassified	523.8942999999999
3.4.11.9-RXN	275.956
3.4.11.9-RXN|unclassified	275.956
3.4.13.18-RXN	63.7906
3.4.13.18-RXN|unclassified	63.7906
3.4.13.20-RXN	74.5929
3.4.13.20-RXN|unclassified	74.5929
3.4.13.22-RXN	626.242
3.4.13.22-RXN|unclassified	626.242
3.4.14.12-RXN	1154.675
3.4.14.12-RXN|unclassified	1154.675
3.4.14.4-RXN	311.8277
3.4.14.4-RXN|unclassified	311.8277
3.4.15.5-RXN	312.6186
3.4.15.5-RXN|unclassified	312.6186
3.4.16.4-RXN	348.839
3.4.16.4-RXN|unclassified	348.839
3.4.17.8-RXN	348.839
3.4.17.8-RXN|unclassified	348.839
3.4.21.102-RXN	629.412
3.4.21.102-RXN|unclassified	629.412
3.4.21.105-RXN	162.897
3.4.21.105-RXN|unclassified	162.897
3.4.21.107-RXN	230.84300000000002
3.4.21.107-RXN|unclassified	230.84300000000002
3.4.21.53-RXN	752.5992
3.4.21.53-RXN|unclassified	752.5992
3.4.21.88-RXN	66.9868
3.4.21.88-RXN|unclassified	66.9868
3.4.21.89-RXN	697.7472
3.4.21.89-RXN|unclassified	697.7472
3.4.21.92-RXN	1041.339
3.4.21.92-RXN|unclassified	1041.339
3.4.22.10-RXN	135.428
3.4.22.10-RXN|unclassified	135.428
3.4.22.40-RXN	137.966
3.4.22.40-RXN|unclassified	137.966
3.4.23.43-RXN	95.4896
3.4.23.43-RXN|unclassified	95.4896
3.4.24.55-RXN	494.71700000000004
3.4.24.55-RXN|unclassified	494.71700000000004
3.5.1.27-RXN	489.906
3.5.1.27-RXN|unclassified	489.906
3.5.1.80-RXN	400.51709999999997
3.5.1.80-RXN|unclassified	400.51709999999997
3.5.1.88-RXN	489.906
3.5.1.88-RXN|unclassified	489.906
325-BISPHOSPHATE-NUCLEOTIDASE-RXN	284.706
325-BISPHOSPHATE-NUCLEOTIDASE-RXN|unclassified	284.706
3PGAREARR-RXN	813.0391000000001
3PGAREARR-RXN|unclassified	813.0391000000001
4-NITROPHENYLPHOSPHATASE-RXN	107.636
4-NITROPHENYLPHOSPHATASE-RXN|unclassified	107.636
4.2.1.58-RXN	587.0914
4.2.1.58-RXN|unclassified	587.0914
4.2.1.59-RXN	587.0914
4.2.1.59-RXN|unclassified	587.0914
4.2.1.61-RXN	587.0914
4.2.1.61-RXN|unclassified	587.0914
4.2.2.12-RXN	254.423
4.2.2.12-RXN|unclassified	254.423
4.2.2.2-RXN	120.942
4.2.2.2-RXN|unclassified	120.942
4.2.2.21-RXN	178.122
4.2.2.21-RXN|unclassified	178.122
4.2.2.7-RXN	359.036
4.2.2.7-RXN|unclassified	359.036
4.2.2.8-RXN	253.572
4.2.2.8-RXN|unclassified	253.572
4.2.99.18-RXN	560.761
4.2.99.18-RXN|unclassified	560.761
4.3.1.17-RXN	179.668
4.3.1.17-RXN|unclassified	179.668
5-DEHYDRO-2-DEOXYGLUCONOKINASE-RXN	647.76
5-DEHYDRO-2-DEOXYGLUCONOKINASE-RXN|unclassified	647.76
5-FORMYL-THF-CYCLO-LIGASE-RXN	257.6535
5-FORMYL-THF-CYCLO-LIGASE-RXN|unclassified	257.6535
5-NUCLEOTID-RXN	642.575
5-NUCLEOTID-RXN|unclassified	642.575
5.3.1.17-RXN	486.638
5.3.1.17-RXN|unclassified	486.638
5.4.2.10-RXN	660.653
5.4.2.10-RXN|unclassified	660.653
6.3.2.10-RXN	328.73109999999997
6.3.2.10-RXN|unclassified	328.73109999999997
6.3.5.7-RXN	63.8359
6.3.5.7-RXN|unclassified	63.8359
6PFRUCTPHOS-RXN	826.6934000000001
6PFRUCTPHOS-RXN|unclassified	826.6934000000001
6PGLUCONOLACT-RXN	143.127
6PGLUCONOLACT-RXN|unclassified	143.127
7KAPSYN-RXN	623.5409999999999
7KAPSYN-RXN|unclassified	623.5409999999999
ABC-27-RXN	134.185
ABC-27-RXN|unclassified	134.185
ACETATEKIN-RXN	589.2044
ACETATEKIN-RXN|unclassified	589.2044
ACETOACETATE--COA-LIGASE-RXN	274.762
ACETOACETATE--COA-LIGASE-RXN|unclassified	274.762
ACETOLACTREDUCTOISOM-RXN	806.5697
ACETOLACTREDUCTOISOM-RXN|unclassified	806.5697
ACETOLACTSYN-RXN	942.561
ACETOLACTSYN-RXN|unclassified	942.561
ACETOOHBUTREDUCTOISOM-RXN	806.5697
ACETOOHBUTREDUCTOISOM-RXN|unclassified	806.5697
ACETOOHBUTSYN-RXN	942.561
ACETOOHBUTSYN-RXN|unclassified	942.561
ACETYL-COA-CARBOXYLTRANSFER-RXN	744.0749999999999
ACETYL-COA-CARBOXYLTRANSFER-RXN|unclassified	744.0749999999999
ACETYLGLUTKIN-RXN	315.07820000000004
ACETYLGLUTKIN-RXN|unclassified	315.07820000000004
ACETYLHOMOSER-CYS-RXN	463.32500000000005
ACETYLHOMOSER-CYS-RXN|unclassified	463.32500000000005
ACETYLORNDEACET-RXN	123.709
ACETYLORNDEACET-RXN|unclassified	123.709
ACETYLORNTRANSAM-RXN	271.4036
ACETYLORNTRANSAM-RXN|unclassified	271.4036
ACSERLY-RXN	634.9829000000001
ACSERLY-RXN|unclassified	634.9829000000001
ADENINE-DEAMINASE-RXN	74.6131
ADENINE-DEAMINASE-RXN|unclassified	74.6131
ADENOSYLHOMOCYSTEINASE-RXN	258.723
ADENOSYLHOMOCYSTEINASE-RXN|unclassified	258.723
ADENOSYLHOMOCYSTEINE-NUCLEOSIDASE-RXN	275.312
ADENOSYLHOMOCYSTEINE-NUCLEOSIDASE-RXN|unclassified	275.312
ADENPHOSPHOR-RXN	912.9888
ADENPHOSPHOR-RXN|unclassified	912.9888
ADENPRIBOSYLTRAN-RXN	766.306
ADENPRIBOSYLTRAN-RXN|unclassified	766.306
ADENYL-KIN-RXN	739.1279999999999
ADENYL-KIN-RXN|unclassified	739.1279999999999
ADENYLOSUCCINATE-SYNTHASE-RXN	522.5175999999999
ADENYLOSUCCINATE-SYNTHASE-RXN|unclassified	522.5175999999999
ADENYLYLSULFKIN-RXN	277.001
ADENYLYLSULFKIN-RXN|unclassified	277.001
ADOMET-DMK-METHYLTRANSFER-RXN	435.767
ADOMET-DMK-METHYLTRANSFER-RXN|unclassified	435.767
ADPREDUCT-RXN	310.116
ADPREDUCT-RXN|unclassified	310.116
AGMATIN-RXN	55.6957
AGMATIN-RXN|unclassified	55.6957
AGMATINE-DEIMINASE-RXN	83.692
AGMATINE-DEIMINASE-RXN|unclassified	83.692
AICARSYN-RXN	546.8009
AICARSYN-RXN|unclassified	546.8009
AICARTRANSFORM-RXN	813.4795
AICARTRANSFORM-RXN|unclassified	813.4795
AIRS-RXN	345.019
AIRS-RXN|unclassified	345.019
AKBLIG-RXN	358.192
AKBLIG-RXN|unclassified	358.192
ALANINE--TRNA-LIGASE-RXN	748.318
ALANINE--TRNA-LIGASE-RXN|unclassified	748.318
ALANINE-DEHYDROGENASE-RXN	364.37539999999996
ALANINE-DEHYDROGENASE-RXN|unclassified	364.37539999999996
ALARACECAT-RXN	479.033
ALARACECAT-RXN|unclassified	479.033
ALCOHOL-DEHYDROG-GENERIC-RXN	108.544
ALCOHOL-DEHYDROG-GENERIC-RXN|unclassified	108.544
ALCOHOL-DEHYDROG-RXN	108.544
ALCOHOL-DEHYDROG-RXN|unclassified	108.544
ALCOHOL-DEHYDROGENASE-NADPORNOP+-RXN	459.22799999999995
ALCOHOL-DEHYDROGENASE-NADPORNOP+-RXN|unclassified	459.22799999999995
ALDEHYDE-REDUCTASE-RXN	233.116
ALDEHYDE-REDUCTASE-RXN|unclassified	233.116
ALDOSE-1-EPIMERASE-RXN	807.0290000000001
ALDOSE-1-EPIMERASE-RXN|unclassified	807.0290000000001
ALDOSE1EPIM-RXN	807.0290000000001
ALDOSE1EPIM-RXN|unclassified	807.0290000000001
ALKAPHOSPHA-RXN	220.388
ALKAPHOSPHA-RXN|unclassified	220.388
ALPHA-AMYL-RXN	495.8436
ALPHA-AMYL-RXN|unclassified	495.8436
ALPHAGALACTOSID-RXN	2327.5265
ALPHAGALACTOSID-RXN|unclassified	2327.5265
ALTRO-OXIDOREDUCT-RXN	193.401
ALTRO-OXIDOREDUCT-RXN|unclassified	193.401
AMINOCYL-TRNA-HYDROLASE-RXN	713.2264
AMINOCYL-TRNA-HYDROLASE-RXN|unclassified	713.2264
AMP-DEPHOSPHORYLATION-RXN	642.575
AMP-DEPHOSPHORYLATION-RXN|unclassified	642.575
AMPSYN-RXN	546.8009
AMPSYN-RXN|unclassified	546.8009
AMYLOMALT-RXN	62.6881
AMYLOMALT-RXN|unclassified	62.6881
ANTHRANSYN-RXN	420.169
ANTHRANSYN-RXN|unclassified	420.169
ARABISOM-RXN	191.687
ARABISOM-RXN|unclassified	191.687
ARGDECARBOX-RXN	677.577
ARGDECARBOX-RXN|unclassified	677.577
ARGININE--TRNA-LIGASE-RXN	628.2217
ARGININE--TRNA-LIGASE-RXN|unclassified	628.2217
ARGSUCCINLYA-RXN	748.12
ARGSUCCINLYA-RXN|unclassified	748.12
ARGSUCCINSYN-RXN	520.5482999999999
ARGSUCCINSYN-RXN|unclassified	520.5482999999999
ARYLSULFAT-RXN	2198.058
ARYLSULFAT-RXN|unclassified	2198.058
ASNSYNA-RXN	285.82
ASNSYNA-RXN|unclassified	285.82
ASPAMINOTRANS-RXN	335.1983
ASPAMINOTRANS-RXN|unclassified	335.1983
ASPARAGHYD-RXN	378.166
ASPARAGHYD-RXN|unclassified	378.166
ASPARAGINE--TRNA-LIGASE-RXN	532.3430000000001
ASPARAGINE--TRNA-LIGASE-RXN|unclassified	532.3430000000001
ASPARTASE-RXN	233.8188
ASPARTASE-RXN|unclassified	233.8188
ASPARTATE--TRNA-LIGASE-RXN	691.3375
ASPARTATE--TRNA-LIGASE-RXN|unclassified	691.3375
ASPARTATE-SEMIALDEHYDE-DEHYDROGENASE-RXN	596.384
ASPARTATE-SEMIALDEHYDE-DEHYDROGENASE-RXN|unclassified	596.384
ASPARTATEKIN-RXN	1537.8561000000004
ASPARTATEKIN-RXN|unclassified	1537.8561000000004
ASPCARBTRANS-RXN	572.5772
ASPCARBTRANS-RXN|unclassified	572.5772
ASPDECARBOX-RXN	710.9015999999999
ASPDECARBOX-RXN|unclassified	710.9015999999999
ATP-PYROPHOSPHATASE-RXN	301.386
ATP-PYROPHOSPHATASE-RXN|unclassified	301.386
ATPASE-RXN	228.045
ATPASE-RXN|unclassified	228.045
ATPPHOSPHORIBOSYLTRANS-RXN	502.4891
ATPPHOSPHORIBOSYLTRANS-RXN|unclassified	502.4891
ATPSYN-RXN	1417.8482999999999
ATPSYN-RXN|unclassified	1417.8482999999999
BETA-GLUCOSIDE-KINASE-RXN	76.1097
BETA-GLUCOSIDE-KINASE-RXN|unclassified	76.1097
BETA-GLUCURONID-RXN	594.84
BETA-GLUCURONID-RXN|unclassified	594.84
BETA-LACTAMASE-RXN	890.8582
BETA-LACTAMASE-RXN|unclassified	890.8582
BETA-PHOSPHOGLUCOMUTASE-RXN	195.4973
BETA-PHOSPHOGLUCOMUTASE-RXN|unclassified	195.4973
BIOTIN-CARBOXYL-RXN	457.52
BIOTIN-CARBOXYL-RXN|unclassified	457.52
BIOTINLIG-RXN	218.54109999999997
BIOTINLIG-RXN|unclassified	218.54109999999997
BRANCHED-CHAINAMINOTRANSFERILEU-RXN	777.6678
BRANCHED-CHAINAMINOTRANSFERILEU-RXN|unclassified	777.6678
BRANCHED-CHAINAMINOTRANSFERLEU-RXN	777.6678
BRANCHED-CHAINAMINOTRANSFERLEU-RXN|unclassified	777.6678
BRANCHED-CHAINAMINOTRANSFERVAL-RXN	777.6678
BRANCHED-CHAINAMINOTRANSFERVAL-RXN|unclassified	777.6678
BUTYRATE-KINASE-RXN	205.523
BUTYRATE-KINASE-RXN|unclassified	205.523
CARBPSYN-RXN	1908.6329999999998
CARBPSYN-RXN|unclassified	1908.6329999999998
CATAL-RXN	57.9982
CATAL-RXN|unclassified	57.9982
CDP-GLUCOSE-46-DEHYDRATASE-RXN	78.2648
CDP-GLUCOSE-46-DEHYDRATASE-RXN|unclassified	78.2648
CDPDIGLYSYN-RXN	906.5778
CDPDIGLYSYN-RXN|unclassified	906.5778
CDPKIN-RXN	315.291
CDPKIN-RXN|unclassified	315.291
CDPREDUCT-RXN	310.116
CDPREDUCT-RXN|unclassified	310.116
CELLOBIOSE-EPIMERASE-RXN	267.665
CELLOBIOSE-EPIMERASE-RXN|unclassified	267.665
CHLORAMPHENICOL-O-ACETYLTRANSFERASE-RXN	216.837
CHLORAMPHENICOL-O-ACETYLTRANSFERASE-RXN|unclassified	216.837
CHOLINE-SULFATASE-RXN	311.199
CHOLINE-SULFATASE-RXN|unclassified	311.199
CHOLOYLGLYCINE-HYDROLASE-RXN	579.6246
CHOLOYLGLYCINE-HYDROLASE-RXN|unclassified	579.6246
CHORISMATE-SYNTHASE-RXN	367.794
CHORISMATE-SYNTHASE-RXN|unclassified	367.794
COBALAMIN5PSYN-RXN	178.39
COBALAMIN5PSYN-RXN|unclassified	178.39
COBALAMINSYN-RXN	178.39
COBALAMINSYN-RXN|unclassified	178.39
CPM-KDOSYNTH-RXN	523.528
CPM-KDOSYNTH-RXN|unclassified	523.528
CTPSYN-RXN	573.4318000000001
CTPSYN-RXN|unclassified	573.4318000000001
CYSTEINE--TRNA-LIGASE-RXN	746.366
CYSTEINE--TRNA-LIGASE-RXN|unclassified	746.366
CYTIDEAM-RXN	133.788
CYTIDEAM-RXN|unclassified	133.788
CYTIDEAM2-RXN	133.788
CYTIDEAM2-RXN|unclassified	133.788
CYTIDINEKIN-RXN	540.9949
CYTIDINEKIN-RXN|unclassified	540.9949
D-THREO-ALDOSE-1-DEHYDROGENASE-RXN	428.924
D-THREO-ALDOSE-1-DEHYDROGENASE-RXN|unclassified	428.924
DADPKIN-RXN	315.291
DADPKIN-RXN|unclassified	315.291
DAHPSYN-RXN	72.9361
DAHPSYN-RXN|unclassified	72.9361
DALADALALIG-RXN	698.9970000000001
DALADALALIG-RXN|unclassified	698.9970000000001
DAPASYN-RXN	225.4796
DAPASYN-RXN|unclassified	225.4796
DARAB5PISOM-RXN	387.3996
DARAB5PISOM-RXN|unclassified	387.3996
DCDPKIN-RXN	315.291
DCDPKIN-RXN|unclassified	315.291
DEOXYADENPHOSPHOR-RXN	912.9888
DEOXYADENPHOSPHOR-RXN|unclassified	912.9888
DEOXYGUANPHOSPHOR-RXN	912.9888
DEOXYGUANPHOSPHOR-RXN|unclassified	912.9888
DEOXYINOPHOSPHOR-RXN	912.9888
DEOXYINOPHOSPHOR-RXN|unclassified	912.9888
DEOXYRIBOSE-P-ALD-RXN	756.3875999999999
DEOXYRIBOSE-P-ALD-RXN|unclassified	756.3875999999999
DEPHOSPHOCOAKIN-RXN	516.062
DEPHOSPHOCOAKIN-RXN|unclassified	516.062
DETHIOBIOTIN-SYN-RXN	414.029
DETHIOBIOTIN-SYN-RXN|unclassified	414.029
DGDPKIN-RXN	315.291
DGDPKIN-RXN|unclassified	315.291
DGTPTRIPHYDRO-RXN	179.664
DGTPTRIPHYDRO-RXN|unclassified	179.664
DIACYLGLYKIN-RXN	380.05
DIACYLGLYKIN-RXN|unclassified	380.05
DIAMACTRANS-RXN	210.192
DIAMACTRANS-RXN|unclassified	210.192
DIAMINOPIMDECARB-RXN	652.1202
DIAMINOPIMDECARB-RXN|unclassified	652.1202
DIAMINOPIMELATE-DEHYDROGENASE-RXN	408.837
DIAMINOPIMELATE-DEHYDROGENASE-RXN|unclassified	408.837
DIAMINOPIMEPIM-RXN	499.37699999999995
DIAMINOPIMEPIM-RXN|unclassified	499.37699999999995
DIHYDRODIPICSYN-RXN	396.58079999999995
DIHYDRODIPICSYN-RXN|unclassified	396.58079999999995
DIHYDROFOLATEREDUCT-RXN	290.28999999999996
DIHYDROFOLATEREDUCT-RXN|unclassified	290.28999999999996
DIHYDROOROT-RXN	531.7339
DIHYDROOROT-RXN|unclassified	531.7339
DIHYDROURACIL-DEHYDROGENASE-NAD+-RXN	295.53180000000003
DIHYDROURACIL-DEHYDROGENASE-NAD+-RXN|unclassified	295.53180000000003
DIHYDROXYISOVALDEHYDRAT-RXN	705.4159999999999
DIHYDROXYISOVALDEHYDRAT-RXN|unclassified	705.4159999999999
DIHYDROXYMETVALDEHYDRAT-RXN	705.4159999999999
DIHYDROXYMETVALDEHYDRAT-RXN|unclassified	705.4159999999999
DIOHBUTANONEPSYN-RXN	408.78
DIOHBUTANONEPSYN-RXN|unclassified	408.78
DLACTDEHYDROGNAD-RXN	680.893
DLACTDEHYDROGNAD-RXN|unclassified	680.893
DMBPPRIBOSYLTRANS-RXN	578.89
DMBPPRIBOSYLTRANS-RXN|unclassified	578.89
DMK-RXN	328.1132
DMK-RXN|unclassified	328.1132
DNA-CYTOSINE-5--METHYLTRANSFERASE-RXN	1253.7558
DNA-CYTOSINE-5--METHYLTRANSFERASE-RXN|unclassified	1253.7558
DNA-DIRECTED-DNA-POLYMERASE-RXN	3125.874799999999
DNA-DIRECTED-DNA-POLYMERASE-RXN|unclassified	3125.874799999999
DNA-DIRECTED-RNA-POLYMERASE-RXN	3361.9596999999994
DNA-DIRECTED-RNA-POLYMERASE-RXN|unclassified	3361.9596999999994
DNA-LIGASE-NAD+-RXN	366.89599999999996
DNA-LIGASE-NAD+-RXN|unclassified	366.89599999999996
DTDPDEHYDRHAMEPIM-RXN	1108.1693
DTDPDEHYDRHAMEPIM-RXN|unclassified	1108.1693
DTDPDEHYRHAMREDUCT-RXN	507.234
DTDPDEHYRHAMREDUCT-RXN|unclassified	507.234
DTDPGLUCDEHYDRAT-RXN	989.036
DTDPGLUCDEHYDRAT-RXN|unclassified	989.036
DTDPGLUCOSEPP-RXN	733.534
DTDPGLUCOSEPP-RXN|unclassified	733.534
DTDPKIN-RXN	315.291
DTDPKIN-RXN|unclassified	315.291
DTMPKI-RXN	102.852
DTMPKI-RXN|unclassified	102.852
DUDPKIN-RXN	315.291
DUDPKIN-RXN|unclassified	315.291
DURIDKI-RXN	755.0976
DURIDKI-RXN|unclassified	755.0976
DXPREDISOM-RXN	491.1272
DXPREDISOM-RXN|unclassified	491.1272
DXS-RXN	663.474
DXS-RXN|unclassified	663.474
ENOYL-ACP-REDUCT-NADH-RXN	288.4018
ENOYL-ACP-REDUCT-NADH-RXN|unclassified	288.4018
ENOYL-COA-HYDRAT-RXN	437.52700000000004
ENOYL-COA-HYDRAT-RXN|unclassified	437.52700000000004
ENZRXN-201-RXN	459.22799999999995
ENZRXN-201-RXN|unclassified	459.22799999999995
ERYTHRON4PDEHYDROG-RXN	812.1553
ERYTHRON4PDEHYDROG-RXN|unclassified	812.1553
EXOPOLYPHOSPHATASE-RXN	306.016
EXOPOLYPHOSPHATASE-RXN|unclassified	306.016
F16ALDOLASE-RXN	773.5426
F16ALDOLASE-RXN|unclassified	773.5426
F16BDEPHOS-RXN	618.1435
F16BDEPHOS-RXN|unclassified	618.1435
FADSYN-RXN	481.4105
FADSYN-RXN|unclassified	481.4105
FATTY-ACYL-COA-SYNTHASE-RXN	274.762
FATTY-ACYL-COA-SYNTHASE-RXN|unclassified	274.762
FGAMSYN-RXN	213.0277
FGAMSYN-RXN|unclassified	213.0277
FMNREDUCT-RXN	650.3900000000001
FMNREDUCT-RXN|unclassified	650.3900000000001
FOLYLPOLYGLUTAMATESYNTH-RXN	146.199
FOLYLPOLYGLUTAMATESYNTH-RXN|unclassified	146.199
FORMATETHFLIG-RXN	538.5319999999999
FORMATETHFLIG-RXN|unclassified	538.5319999999999
FORMYLTHFGLUSYNTH-RXN	146.199
FORMYLTHFGLUSYNTH-RXN|unclassified	146.199
FPPSYN-RXN	296.697
FPPSYN-RXN|unclassified	296.697
FRUCTOKINASE-RXN	415.6595
FRUCTOKINASE-RXN|unclassified	415.6595
FUCISOM-RXN	480.856
FUCISOM-RXN|unclassified	480.856
FUMHYDR-RXN	447.84029999999996
FUMHYDR-RXN|unclassified	447.84029999999996
GALACTOACETYLTRAN-RXN	202.468
GALACTOACETYLTRAN-RXN|unclassified	202.468
GALACTOKIN-RXN	399.727
GALACTOKIN-RXN|unclassified	399.727
GALPMUT-RXN	234.68200000000002
GALPMUT-RXN|unclassified	234.68200000000002
GAPOXNPHOSPHN-RXN	538.811
GAPOXNPHOSPHN-RXN|unclassified	538.811
GART-RXN	473.418
GART-RXN|unclassified	473.418
GCVP-RXN	642.5282
GCVP-RXN|unclassified	642.5282
GCVT-RXN	740.3269
GCVT-RXN|unclassified	740.3269
GDPKIN-RXN	315.291
GDPKIN-RXN|unclassified	315.291
GDPPYPHOSKIN-RXN	174.352
GDPPYPHOSKIN-RXN|unclassified	174.352
GDPREDUCT-RXN	310.116
GDPREDUCT-RXN|unclassified	310.116
GLU6PDEHYDROG-RXN	201.208
GLU6PDEHYDROG-RXN|unclassified	201.208
GLUCISOM-RXN	347.339
GLUCISOM-RXN|unclassified	347.339
GLUCOKIN-RXN	408.157
GLUCOKIN-RXN|unclassified	408.157
GLUCONATE-5-DEHYDROGENASE-RXN	199.215
GLUCONATE-5-DEHYDROGENASE-RXN|unclassified	199.215
GLUCOSAMINE-6-P-DEAMIN-RXN	790.0636999999999
GLUCOSAMINE-6-P-DEAMIN-RXN|unclassified	790.0636999999999
GLURS-RXN	606.2263
GLURS-RXN|unclassified	606.2263
GLUTAMATE-DEHYDROGENASE-NADP+-RXN	345.416
GLUTAMATE-DEHYDROGENASE-NADP+-RXN|unclassified	345.416
GLUTAMATE-DEHYDROGENASE-RXN	379.707
GLUTAMATE-DEHYDROGENASE-RXN|unclassified	379.707
GLUTAMATE-FORMIMINOTRANSFERASE-RXN	338.763
GLUTAMATE-FORMIMINOTRANSFERASE-RXN|unclassified	338.763
GLUTAMATESYN-RXN	933.6759999999999
GLUTAMATESYN-RXN|unclassified	933.6759999999999
GLUTAMIDOTRANS-RXN	490.245
GLUTAMIDOTRANS-RXN|unclassified	490.245
GLUTAMIN-RXN	1338.4515
GLUTAMIN-RXN|unclassified	1338.4515
GLUTAMINE--TRNA-LIGASE-RXN	339.591
GLUTAMINE--TRNA-LIGASE-RXN|unclassified	339.591
GLUTAMINESYN-RXN	518.8208
GLUTAMINESYN-RXN|unclassified	518.8208
GLUTDECARBOX-RXN	857.611
GLUTDECARBOX-RXN|unclassified	857.611
GLUTDEHYD-RXN	502.28679999999997
GLUTDEHYD-RXN|unclassified	502.28679999999997
GLUTKIN-RXN	165.501
GLUTKIN-RXN|unclassified	165.501
GLUTRACE-RXN	570.722
GLUTRACE-RXN|unclassified	570.722
GLUTSEMIALDEHYDROG-RXN	464.6207
GLUTSEMIALDEHYDROG-RXN|unclassified	464.6207
GLYC3PDEHYDROGBIOSYN-RXN	725.3802000000001
GLYC3PDEHYDROGBIOSYN-RXN|unclassified	725.3802000000001
GLYCDEH-RXN	63.954
GLYCDEH-RXN|unclassified	63.954
GLYCINE--TRNA-LIGASE-RXN	663.4538
GLYCINE--TRNA-LIGASE-RXN|unclassified	663.4538
GLYCOGEN-BRANCH-RXN	395.5294
GLYCOGEN-BRANCH-RXN|unclassified	395.5294
GLYCOGENSYN-RXN	298.7793
GLYCOGENSYN-RXN|unclassified	298.7793
GLYCOLALDREDUCT-RXN	106.724
GLYCOLALDREDUCT-RXN|unclassified	106.724
GLYCOPHOSPHORYL-RXN	723.9213
GLYCOPHOSPHORYL-RXN|unclassified	723.9213
GLYCPDIESTER-RXN	205.307
GLYCPDIESTER-RXN|unclassified	205.307
GLYMALTOPHOSPHORYL-RXN	723.9213
GLYMALTOPHOSPHORYL-RXN|unclassified	723.9213
GLYOHMETRANS-RXN	552.0377
GLYOHMETRANS-RXN|unclassified	552.0377
GLYOXI-RXN	261.315
GLYOXI-RXN|unclassified	261.315
GLYRIBONUCSYN-RXN	459.47170000000006
GLYRIBONUCSYN-RXN|unclassified	459.47170000000006
GMP-SYN-GLUT-RXN	755.4317
GMP-SYN-GLUT-RXN|unclassified	755.4317
GPH-RXN	304.996
GPH-RXN|unclassified	304.996
GSAAMINOTRANS-RXN	67.785
GSAAMINOTRANS-RXN|unclassified	67.785
GTP-CYCLOHYDRO-I-RXN	627.1379999999999
GTP-CYCLOHYDRO-I-RXN|unclassified	627.1379999999999
GTP-CYCLOHYDRO-II-RXN	408.78
GTP-CYCLOHYDRO-II-RXN|unclassified	408.78
GTPPYPHOSKIN-RXN	174.352
GTPPYPHOSKIN-RXN|unclassified	174.352
GUANINE-DEAMINASE-RXN	207.104
GUANINE-DEAMINASE-RXN|unclassified	207.104
GUANPRIBOSYLTRAN-RXN	620.495
GUANPRIBOSYLTRAN-RXN|unclassified	620.495
GUANYL-KIN-RXN	439.8662
GUANYL-KIN-RXN|unclassified	439.8662
H2NEOPTERINALDOL-RXN	469.39799999999997
H2NEOPTERINALDOL-RXN|unclassified	469.39799999999997
H2PTERIDINEPYROPHOSPHOKIN-RXN	349.142
H2PTERIDINEPYROPHOSPHOKIN-RXN|unclassified	349.142
H2PTEROATESYNTH-RXN	310.0035
H2PTEROATESYNTH-RXN|unclassified	310.0035
HISTAMINOTRANS-RXN	397.32000000000005
HISTAMINOTRANS-RXN|unclassified	397.32000000000005
HISTCYCLOHYD-RXN	336.5206
HISTCYCLOHYD-RXN|unclassified	336.5206
HISTIDINE--TRNA-LIGASE-RXN	564.158
HISTIDINE--TRNA-LIGASE-RXN|unclassified	564.158
HISTIDINE-AMMONIA-LYASE-RXN	252.346
HISTIDINE-AMMONIA-LYASE-RXN|unclassified	252.346
HISTIDPHOS-RXN	635.284
HISTIDPHOS-RXN|unclassified	635.284
HISTPRATPHYD-RXN	336.5206
HISTPRATPHYD-RXN|unclassified	336.5206
HOMOCYSMETB12-RXN	440.78400000000005
HOMOCYSMETB12-RXN|unclassified	440.78400000000005
HOMOSERDEHYDROG-RXN	386.04999999999995
HOMOSERDEHYDROG-RXN|unclassified	386.04999999999995
HOMOSERINE-O-ACETYLTRANSFERASE-RXN	456.01099999999997
HOMOSERINE-O-ACETYLTRANSFERASE-RXN|unclassified	456.01099999999997
HYDROG-RXN	50.4683
HYDROG-RXN|unclassified	50.4683
HYDROXYLAMINE-REDUCTASE-RXN	579.5792000000001
HYDROXYLAMINE-REDUCTASE-RXN|unclassified	579.5792000000001
HYPOXANPRIBOSYLTRAN-RXN	620.495
HYPOXANPRIBOSYLTRAN-RXN|unclassified	620.495
IGPSYN-RXN	261.681
IGPSYN-RXN|unclassified	261.681
IMIDAZOLONEPROPIONASE-RXN	363.605
IMIDAZOLONEPROPIONASE-RXN|unclassified	363.605
IMIDPHOSDEHYD-RXN	269.5097
IMIDPHOSDEHYD-RXN|unclassified	269.5097
IMP-DEHYDROG-RXN	593.215
IMP-DEHYDROG-RXN|unclassified	593.215
IMPCYCLOHYDROLASE-RXN	676.0185
IMPCYCLOHYDROLASE-RXN|unclassified	676.0185
INOPHOSPHOR-RXN	912.9888
INOPHOSPHOR-RXN|unclassified	912.9888
INORGPYROPHOSPHAT-RXN	730.0508
INORGPYROPHOSPHAT-RXN|unclassified	730.0508
IPPISOM-RXN	160.214
IPPISOM-RXN|unclassified	160.214
ISOCHORSYN-RXN	153.526
ISOCHORSYN-RXN|unclassified	153.526
ISOCITDEH-RXN	64.154
ISOCITDEH-RXN|unclassified	64.154
ISOLEUCINE--TRNA-LIGASE-RXN	402.4541
ISOLEUCINE--TRNA-LIGASE-RXN|unclassified	402.4541
ISPH2-RXN	156.897
ISPH2-RXN|unclassified	156.897
KDO-8PPHOSPHAT-RXN	246.645
KDO-8PPHOSPHAT-RXN|unclassified	246.645
KDO-8PSYNTH-RXN	451.44
KDO-8PSYNTH-RXN|unclassified	451.44
KETOISOCAPROATE-RXN	463.877
KETOISOCAPROATE-RXN|unclassified	463.877
KETOLACTOSE-RXN	3618.6432
KETOLACTOSE-RXN|unclassified	3618.6432
L-ASPARTATE-OXID-RXN	484.63969999999995
L-ASPARTATE-OXID-RXN|unclassified	484.63969999999995
L-GLN-FRUCT-6-P-AMINOTRANS-RXN	476.4644
L-GLN-FRUCT-6-P-AMINOTRANS-RXN|unclassified	476.4644
L-IDITOL-2-DEHYDROGENASE-RXN	197.264
L-IDITOL-2-DEHYDROGENASE-RXN|unclassified	197.264
LACTALDREDUCT-RXN	106.724
LACTALDREDUCT-RXN|unclassified	106.724
LEUCINE--TRNA-LIGASE-RXN	879.8098
LEUCINE--TRNA-LIGASE-RXN|unclassified	879.8098
LINOLENOYL-RXN	1292.3024
LINOLENOYL-RXN|unclassified	1292.3024
LIPIDADISACCHARIDESYNTH-RXN	603.0690000000001
LIPIDADISACCHARIDESYNTH-RXN|unclassified	603.0690000000001
LUMAZINESYN-RXN	560.429
LUMAZINESYN-RXN|unclassified	560.429
LYSINE--TRNA-LIGASE-RXN	509.294
LYSINE--TRNA-LIGASE-RXN|unclassified	509.294
LYSINE-23-AMINOMUTASE-RXN	196.971
LYSINE-23-AMINOMUTASE-RXN|unclassified	196.971
MALATE-DEH-RXN	1001.7130000000001
MALATE-DEH-RXN|unclassified	1001.7130000000001
MALIC-NADP-RXN	190.4909
MALIC-NADP-RXN|unclassified	190.4909
MALONYL-COA-ACP-TRANSACYL-RXN	533.1579999999999
MALONYL-COA-ACP-TRANSACYL-RXN|unclassified	533.1579999999999
MALTACETYLTRAN-RXN	257.557
MALTACETYLTRAN-RXN|unclassified	257.557
MALTODEXGLUCOSID-RXN	140.546
MALTODEXGLUCOSID-RXN|unclassified	140.546
MANNITOL-2-DEHYDROGENASE-RXN	152.217
MANNITOL-2-DEHYDROGENASE-RXN|unclassified	152.217
MANNKIN-RXN	231.165
MANNKIN-RXN|unclassified	231.165
MANNONDEHYDRAT-RXN	357.6666
MANNONDEHYDRAT-RXN|unclassified	357.6666
MANNONOXIDOREDUCT-RXN	152.217
MANNONOXIDOREDUCT-RXN|unclassified	152.217
MANNPDEHYDROG-RXN	80.3609
MANNPDEHYDROG-RXN|unclassified	80.3609
MANNPGUANYLTRANGDP-RXN	111.186
MANNPGUANYLTRANGDP-RXN|unclassified	111.186
MANNPISOM-RXN	274.8215
MANNPISOM-RXN|unclassified	274.8215
MANNURONATE-REDUCTASE-RXN	251.565
MANNURONATE-REDUCTASE-RXN|unclassified	251.565
MERCURY-II-REDUCTASE-RXN	202.722
MERCURY-II-REDUCTASE-RXN|unclassified	202.722
METHENYLTHFCYCLOHYDRO-RXN	557.058
METHENYLTHFCYCLOHYDRO-RXN|unclassified	557.058
METHGLYSYN-RXN	603.8121
METHGLYSYN-RXN|unclassified	603.8121
METHIONINE--TRNA-LIGASE-RXN	677.2742000000001
METHIONINE--TRNA-LIGASE-RXN|unclassified	677.2742000000001
METHIONYL-TRNA-FORMYLTRANSFERASE-RXN	781.526
METHIONYL-TRNA-FORMYLTRANSFERASE-RXN|unclassified	781.526
METHYLACYLYLCOA-HYDROXY-RXN	437.52700000000004
METHYLACYLYLCOA-HYDROXY-RXN|unclassified	437.52700000000004
METHYLENETHFDEHYDROG-NADP-RXN	557.058
METHYLENETHFDEHYDROG-NADP-RXN|unclassified	557.058
METHYLMALONYL-COA-EPIM-RXN	440.163
METHYLMALONYL-COA-EPIM-RXN|unclassified	440.163
METHYLMALONYL-COA-MUT-RXN	1229.5723
METHYLMALONYL-COA-MUT-RXN|unclassified	1229.5723
METHYLVALERATE-RXN	463.877
METHYLVALERATE-RXN|unclassified	463.877
MYO-INOSITOL-1-PHOSPHATE-SYNTHASE-RXN	348.789
MYO-INOSITOL-1-PHOSPHATE-SYNTHASE-RXN|unclassified	348.789
MYO-INOSITOL-1OR-4-MONOPHOSPHATASE-RXN	525.0483
MYO-INOSITOL-1OR-4-MONOPHOSPHATASE-RXN|unclassified	525.0483
MYO-INOSITOL-2-DEHYDROGENASE-RXN	715.0646
MYO-INOSITOL-2-DEHYDROGENASE-RXN|unclassified	715.0646
N-ACETYLGLUCOSAMINE-KINASE-RXN	231.165
N-ACETYLGLUCOSAMINE-KINASE-RXN|unclassified	231.165
N-ACETYLGLUTPREDUCT-RXN	395.81469999999996
N-ACETYLGLUTPREDUCT-RXN|unclassified	395.81469999999996
N-ACYLGLUCOSAMINE-2-EPIMERASE-RXN	92.6326
N-ACYLGLUCOSAMINE-2-EPIMERASE-RXN|unclassified	92.6326
NACGLCTRANS-RXN	501.9012
NACGLCTRANS-RXN|unclassified	501.9012
NAD-KIN-RXN	582.9149
NAD-KIN-RXN|unclassified	582.9149
NAD-SYNTH-GLN-RXN	651.8817
NAD-SYNTH-GLN-RXN|unclassified	651.8817
NADH-PEROXIDASE-RXN	651.716
NADH-PEROXIDASE-RXN|unclassified	651.716
NADPH-DEHYDROGENASE-RXN	234.323
NADPH-DEHYDROGENASE-RXN|unclassified	234.323
NADPYROPHOSPHAT-RXN	193.921
NADPYROPHOSPHAT-RXN|unclassified	193.921
NAG6PDEACET-RXN	400.51709999999997
NAG6PDEACET-RXN|unclassified	400.51709999999997
NAPHTHOATE-SYN-RXN	522.336
NAPHTHOATE-SYN-RXN|unclassified	522.336
NICONUCADENYLYLTRAN-RXN	602.135
NICONUCADENYLYLTRAN-RXN|unclassified	602.135
NICOTINATEPRIBOSYLTRANS-RXN	575.3876
NICOTINATEPRIBOSYLTRANS-RXN|unclassified	575.3876
NITROGENASE-RXN	148.4469
NITROGENASE-RXN|unclassified	148.4469
NUCLEOSIDE-DIP-KIN-RXN	315.291
NUCLEOSIDE-DIP-KIN-RXN|unclassified	315.291
NUCLEOSIDE-TRIPHOSPHATASE-RXN	228.045
NUCLEOSIDE-TRIPHOSPHATASE-RXN|unclassified	228.045
O-ACETYLHOMOSERINE-THIOL-LYASE-RXN	463.32500000000005
O-ACETYLHOMOSERINE-THIOL-LYASE-RXN|unclassified	463.32500000000005
O-SUCCINYLBENZOATE-COA-LIG-RXN	285.937
O-SUCCINYLBENZOATE-COA-LIG-RXN|unclassified	285.937
OHMETPYRKIN-RXN	178.462
OHMETPYRKIN-RXN|unclassified	178.462
OROPRIBTRANS-RXN	677.5464
OROPRIBTRANS-RXN|unclassified	677.5464
OROTATE-REDUCTASE-NADH-RXN	258.1995
OROTATE-REDUCTASE-NADH-RXN|unclassified	258.1995
OROTPDECARB-RXN	637.7357000000001
OROTPDECARB-RXN|unclassified	637.7357000000001
P-PANTOCYSDECARB-RXN	444.1905
P-PANTOCYSDECARB-RXN|unclassified	444.1905
P-PANTOCYSLIG-RXN	444.1905
P-PANTOCYSLIG-RXN|unclassified	444.1905
PABASYN-RXN	170.64
PABASYN-RXN|unclassified	170.64
PANTEPADENYLYLTRAN-RXN	793.9532
PANTEPADENYLYLTRAN-RXN|unclassified	793.9532
PANTOATE-BETA-ALANINE-LIG-RXN	434.693
PANTOATE-BETA-ALANINE-LIG-RXN|unclassified	434.693
PANTOTHENATE-KIN-RXN	170.589
PANTOTHENATE-KIN-RXN|unclassified	170.589
PDXJ-RXN	524.192
PDXJ-RXN|unclassified	524.192
PEPCARBOXYKIN-RXN	1065.7337
PEPCARBOXYKIN-RXN|unclassified	1065.7337
PEPDEPHOS-RXN	449.7689
PEPDEPHOS-RXN|unclassified	449.7689
PEPTIDYLPROLYL-ISOMERASE-RXN	4842.034500000001
PEPTIDYLPROLYL-ISOMERASE-RXN|unclassified	4842.034500000001
PGLUCISOM-RXN	669.0393999999999
PGLUCISOM-RXN|unclassified	669.0393999999999
PGLYCDEHYDROG-RXN	433.711
PGLYCDEHYDROG-RXN|unclassified	433.711
PGPPHOSPHA-RXN	211.2168
PGPPHOSPHA-RXN|unclassified	211.2168
PHENYLALANINE--TRNA-LIGASE-RXN	1518.2214
PHENYLALANINE--TRNA-LIGASE-RXN|unclassified	1518.2214
PHOSGLYPHOS-RXN	493.4767
PHOSGLYPHOS-RXN|unclassified	493.4767
PHOSMANMUT-RXN	775.283
PHOSMANMUT-RXN|unclassified	775.283
PHOSNACMURPENTATRANS-RXN	565.445
PHOSNACMURPENTATRANS-RXN|unclassified	565.445
PHOSPHASERDECARB-RXN	488.876
PHOSPHASERDECARB-RXN|unclassified	488.876
PHOSPHASERSYN-RXN	235.428
PHOSPHASERSYN-RXN|unclassified	235.428
PHOSPHOGLUCMUT-RXN	203.033
PHOSPHOGLUCMUT-RXN|unclassified	203.033
PHOSPHONOACETALDEHYDE-HYDROLASE-RXN	216.558
PHOSPHONOACETALDEHYDE-HYDROLASE-RXN|unclassified	216.558
PMPOXI-RXN	147.617
PMPOXI-RXN|unclassified	147.617
PNKIN-RXN	189.5216
PNKIN-RXN|unclassified	189.5216
PNP-RXN	912.9888
PNP-RXN|unclassified	912.9888
PNPOXI-RXN	147.617
PNPOXI-RXN|unclassified	147.617
POLYPHOSPHATE-KINASE-RXN	428.8715000000001
POLYPHOSPHATE-KINASE-RXN|unclassified	428.8715000000001
PRAISOM-RXN	227.27870000000001
PRAISOM-RXN|unclassified	227.27870000000001
PREPHENATEDEHYDROG-RXN	54.361
PREPHENATEDEHYDROG-RXN|unclassified	54.361
PRIBFAICARPISOM-RXN	176.188
PRIBFAICARPISOM-RXN|unclassified	176.188
PROLINE--TRNA-LIGASE-RXN	878.0654
PROLINE--TRNA-LIGASE-RXN|unclassified	878.0654
PROPIONYL-COA-CARBOXY-RXN	874.2929999999999
PROPIONYL-COA-CARBOXY-RXN|unclassified	874.2929999999999
PROTEIN-TYROSINE-PHOSPHATASE-RXN	1388.9180999999999
PROTEIN-TYROSINE-PHOSPHATASE-RXN|unclassified	1388.9180999999999
PRPPAMIDOTRANS-RXN	862.3125999999999
PRPPAMIDOTRANS-RXN|unclassified	862.3125999999999
PRPPSYN-RXN	557.306
PRPPSYN-RXN|unclassified	557.306
PRTRANS-RXN	234.63
PRTRANS-RXN|unclassified	234.63
PSERPHOSPHA-RXN	335.31100000000004
PSERPHOSPHA-RXN|unclassified	335.31100000000004
PSERTRANSAM-RXN	452.59400000000005
PSERTRANSAM-RXN|unclassified	452.59400000000005
PSERTRANSAMPYR-RXN	452.59400000000005
PSERTRANSAMPYR-RXN|unclassified	452.59400000000005
PYFLAVOXRE-RXN	179.8136
PYFLAVOXRE-RXN|unclassified	179.8136
PYRAMKIN-RXN	189.5216
PYRAMKIN-RXN|unclassified	189.5216
PYRIDOXKIN-RXN	189.5216
PYRIDOXKIN-RXN|unclassified	189.5216
PYRIMSYN1-RXN	493.498
PYRIMSYN1-RXN|unclassified	493.498
PYRIMSYN3-RXN	178.462
PYRIMSYN3-RXN|unclassified	178.462
PYRNUTRANSHYDROGEN-RXN	236.951
PYRNUTRANSHYDROGEN-RXN|unclassified	236.951
PYRROLINECARBREDUCT-RXN	590.1553
PYRROLINECARBREDUCT-RXN|unclassified	590.1553
PYRUFLAVREDUCT-RXN	179.8136
PYRUFLAVREDUCT-RXN|unclassified	179.8136
PYRUVATE-CARBOXYLASE-RXN	92.8443
PYRUVATE-CARBOXYLASE-RXN|unclassified	92.8443
PYRUVATEORTHOPHOSPHATE-DIKINASE-RXN	580.9884000000001
PYRUVATEORTHOPHOSPHATE-DIKINASE-RXN|unclassified	580.9884000000001
PYRUVFORMLY-RXN	277.681
PYRUVFORMLY-RXN|unclassified	277.681
QUINOLINATE-SYNTHA-RXN	354.0315
QUINOLINATE-SYNTHA-RXN|unclassified	354.0315
QUINOPRIBOTRANS-RXN	305.478
QUINOPRIBOTRANS-RXN|unclassified	305.478
R223-RXN	1292.3024
R223-RXN|unclassified	1292.3024
R381-RXN	92.6326
R381-RXN|unclassified	92.6326
RHAMNISOM-RXN	376.605
RHAMNISOM-RXN|unclassified	376.605
RHAMNULOKIN-RXN	317.309
RHAMNULOKIN-RXN|unclassified	317.309
RHAMNULPALDOL-RXN	165.184
RHAMNULPALDOL-RXN|unclassified	165.184
RIB5PISOM-RXN	273.546
RIB5PISOM-RXN|unclassified	273.546
RIBOFLAVIN-SYN-RXN	120.155
RIBOFLAVIN-SYN-RXN|unclassified	120.155
RIBOFLAVINKIN-RXN	481.4105
RIBOFLAVINKIN-RXN|unclassified	481.4105
RIBOFLAVINSYNDEAM-RXN	222.1102
RIBOFLAVINSYNDEAM-RXN|unclassified	222.1102
RIBOFLAVINSYNREDUC-RXN	222.1102
RIBOFLAVINSYNREDUC-RXN|unclassified	222.1102
RIBOKIN-RXN	350.96
RIBOKIN-RXN|unclassified	350.96
RIBONUCLEOSIDE-DIP-REDUCTI-RXN	310.116
RIBONUCLEOSIDE-DIP-REDUCTI-RXN|unclassified	310.116
RIBONUCLEOSIDE-DIP-REDUCTII-RXN	310.116
RIBONUCLEOSIDE-DIP-REDUCTII-RXN|unclassified	310.116
RIBOSYLHOMOCYSTEINASE-RXN	99.7935
RIBOSYLHOMOCYSTEINASE-RXN|unclassified	99.7935
RIBULOKIN-RXN	112.799
RIBULOKIN-RXN|unclassified	112.799
RIBULP3EPIM-RXN	225.8097
RIBULP3EPIM-RXN|unclassified	225.8097
RIBULPEPIM-RXN	207.14440000000002
RIBULPEPIM-RXN|unclassified	207.14440000000002
RNA-DIRECTED-DNA-POLYMERASE-RXN	1999.9430000000002
RNA-DIRECTED-DNA-POLYMERASE-RXN|unclassified	1999.9430000000002
RXN-0	210.192
RXN-0|unclassified	210.192
RXN-10	520.5482999999999
RXN-10|unclassified	520.5482999999999
RXN-10058	222.1102
RXN-10058|unclassified	222.1102
RXN-10059	274.762
RXN-10059|unclassified	274.762
RXN-10060	274.762
RXN-10060|unclassified	274.762
RXN-10061	274.762
RXN-10061|unclassified	274.762
RXN-10062	274.762
RXN-10062|unclassified	274.762
RXN-10642	214.918
RXN-10642|unclassified	214.918
RXN-10654	260.763
RXN-10654|unclassified	260.763
RXN-10655	1375.6847999999998
RXN-10655|unclassified	1375.6847999999998
RXN-10656	587.0914
RXN-10656|unclassified	587.0914
RXN-10657	288.4018
RXN-10657|unclassified	288.4018
RXN-10658	260.763
RXN-10658|unclassified	260.763
RXN-10659	1375.6847999999998
RXN-10659|unclassified	1375.6847999999998
RXN-10660	587.0914
RXN-10660|unclassified	587.0914
RXN-10661	288.4018
RXN-10661|unclassified	288.4018
RXN-10717	459.22799999999995
RXN-10717|unclassified	459.22799999999995
RXN-10769	2427.5025
RXN-10769|unclassified	2427.5025
RXN-10773	2427.5025
RXN-10773|unclassified	2427.5025
RXN-10781	108.544
RXN-10781|unclassified	108.544
RXN-10819	550.5547
RXN-10819|unclassified	550.5547
RXN-10857	469.39799999999997
RXN-10857|unclassified	469.39799999999997
RXN-10911	108.544
RXN-10911|unclassified	108.544
RXN-10915	108.544
RXN-10915|unclassified	108.544
RXN-10949	525.0483
RXN-10949|unclassified	525.0483
RXN-10952	525.0483
RXN-10952|unclassified	525.0483
RXN-10953	525.0483
RXN-10953|unclassified	525.0483
RXN-10954	525.0483
RXN-10954|unclassified	525.0483
RXN-11029	501.9012
RXN-11029|unclassified	501.9012
RXN-11046	435.767
RXN-11046|unclassified	435.767
RXN-11047	328.1132
RXN-11047|unclassified	328.1132
RXN-11065	348.839
RXN-11065|unclassified	348.839
RXN-11070	113.47
RXN-11070|unclassified	113.47
RXN-11290	181.7
RXN-11290|unclassified	181.7
RXN-11291	792.172
RXN-11291|unclassified	792.172
RXN-11302	348.839
RXN-11302|unclassified	348.839
RXN-11319	181.751
RXN-11319|unclassified	181.751
RXN-11329	155.697
RXN-11329|unclassified	155.697
RXN-11346	501.9012
RXN-11346|unclassified	501.9012
RXN-11347	565.445
RXN-11347|unclassified	565.445
RXN-11348	792.172
RXN-11348|unclassified	792.172
RXN-11350	792.172
RXN-11350|unclassified	792.172
RXN-11351	348.839
RXN-11351|unclassified	348.839
RXN-11361	217.477
RXN-11361|unclassified	217.477
RXN-11474	260.763
RXN-11474|unclassified	260.763
RXN-11475	308.542
RXN-11475|unclassified	308.542
RXN-11476	1375.6847999999998
RXN-11476|unclassified	1375.6847999999998
RXN-11477	587.0914
RXN-11477|unclassified	587.0914
RXN-11478	288.4018
RXN-11478|unclassified	288.4018
RXN-11479	260.763
RXN-11479|unclassified	260.763
RXN-11480	1375.6847999999998
RXN-11480|unclassified	1375.6847999999998
RXN-11481	587.0914
RXN-11481|unclassified	587.0914
RXN-11482	288.4018
RXN-11482|unclassified	288.4018
RXN-11484	623.5409999999999
RXN-11484|unclassified	623.5409999999999
RXN-11496	119.482
RXN-11496|unclassified	119.482
RXN-11496-YEAST	119.482
RXN-11496-YEAST|unclassified	119.482
RXN-11501	2327.5265
RXN-11501|unclassified	2327.5265
RXN-11574	201.014
RXN-11574|unclassified	201.014
RXN-11577	178.122
RXN-11577|unclassified	178.122
RXN-11586	284.635
RXN-11586|unclassified	284.635
RXN-11588	144.476
RXN-11588|unclassified	144.476
RXN-11591	64.6601
RXN-11591|unclassified	64.6601
RXN-11592	480.194
RXN-11592|unclassified	480.194
RXN-11596	261.24
RXN-11596|unclassified	261.24
RXN-11598	466.1037
RXN-11598|unclassified	466.1037
RXN-11601	250.893
RXN-11601|unclassified	250.893
RXN-11602	105.444
RXN-11602|unclassified	105.444
RXN-11615	178.122
RXN-11615|unclassified	178.122
RXN-11633	299.0214
RXN-11633|unclassified	299.0214
RXN-11637	450.23900000000003
RXN-11637|unclassified	450.23900000000003
RXN-11638	554.2741
RXN-11638|unclassified	554.2741
RXN-11696	198.954
RXN-11696|unclassified	198.954
RXN-11715	912.9888
RXN-11715|unclassified	912.9888
RXN-11737	335.1983
RXN-11737|unclassified	335.1983
RXN-11743	912.9888
RXN-11743|unclassified	912.9888
RXN-11791	225.5566
RXN-11791|unclassified	225.5566
RXN-11832	523.583
RXN-11832|unclassified	523.583
RXN-11839	549.8879999999999
RXN-11839|unclassified	549.8879999999999
RXN-12078	233.116
RXN-12078|unclassified	233.116
RXN-12088	2327.5265
RXN-12088|unclassified	2327.5265
RXN-12093	570.5600000000001
RXN-12093|unclassified	570.5600000000001
RXN-12104	170.471
RXN-12104|unclassified	170.471
RXN-12124	105.626
RXN-12124|unclassified	105.626
RXN-12171	723.9213
RXN-12171|unclassified	723.9213
RXN-12173	414.109
RXN-12173|unclassified	414.109
RXN-12174	1235.762
RXN-12174|unclassified	1235.762
RXN-12177	418.87800000000004
RXN-12177|unclassified	418.87800000000004
RXN-12178	601.552
RXN-12178|unclassified	601.552
RXN-12184	1292.3024
RXN-12184|unclassified	1292.3024
RXN-12193	62.6881
RXN-12193|unclassified	62.6881
RXN-12195	228.045
RXN-12195|unclassified	228.045
RXN-12196	228.045
RXN-12196|unclassified	228.045
RXN-12270	601.552
RXN-12270|unclassified	601.552
RXN-12299	459.22799999999995
RXN-12299|unclassified	459.22799999999995
RXN-12302	237.261
RXN-12302|unclassified	237.261
RXN-12345	125.925
RXN-12345|unclassified	125.925
RXN-12391	62.6881
RXN-12391|unclassified	62.6881
RXN-12392	723.9213
RXN-12392|unclassified	723.9213
RXN-12398	3618.6432
RXN-12398|unclassified	3618.6432
RXN-12399	3618.6432
RXN-12399|unclassified	3618.6432
RXN-12400	3618.6432
RXN-12400|unclassified	3618.6432
RXN-12401	465.305
RXN-12401|unclassified	465.305
RXN-12402	1904.6143000000004
RXN-12402|unclassified	1904.6143000000004
RXN-12444	315.379
RXN-12444|unclassified	315.379
RXN-12448	108.544
RXN-12448|unclassified	108.544
RXN-12458	788.4085
RXN-12458|unclassified	788.4085
RXN-12460	713.2264
RXN-12460|unclassified	713.2264
RXN-12480	228.25039999999998
RXN-12480|unclassified	228.25039999999998
RXN-12484	459.22799999999995
RXN-12484|unclassified	459.22799999999995
RXN-12567	437.52700000000004
RXN-12567|unclassified	437.52700000000004
RXN-12588	644.187
RXN-12588|unclassified	644.187
RXN-12610	436.256
RXN-12610|unclassified	436.256
RXN-12611	436.256
RXN-12611|unclassified	436.256
RXN-12625	1491.1409999999998
RXN-12625|unclassified	1491.1409999999998
RXN-12626	1491.1409999999998
RXN-12626|unclassified	1491.1409999999998
RXN-12720	592.537
RXN-12720|unclassified	592.537
RXN-12726	634.9829000000001
RXN-12726|unclassified	634.9829000000001
RXN-12752	307.85400000000004
RXN-12752|unclassified	307.85400000000004
RXN-12977	468.80600000000004
RXN-12977|unclassified	468.80600000000004
RXN-12978	1292.3024
RXN-12978|unclassified	1292.3024
RXN-13008	1375.6847999999998
RXN-13008|unclassified	1375.6847999999998
RXN-13009	587.0914
RXN-13009|unclassified	587.0914
RXN-13037	223.385
RXN-13037|unclassified	223.385
RXN-13141	307.85400000000004
RXN-13141|unclassified	307.85400000000004
RXN-13142	307.85400000000004
RXN-13142|unclassified	307.85400000000004
RXN-13158	533.4250999999999
RXN-13158|unclassified	533.4250999999999
RXN-13163	415.98589999999996
RXN-13163|unclassified	415.98589999999996
RXN-13191	285.5449
RXN-13191|unclassified	285.5449
RXN-13198	108.544
RXN-13198|unclassified	108.544
RXN-13274	159.259
RXN-13274|unclassified	159.259
RXN-13290	1292.3024
RXN-13290|unclassified	1292.3024
RXN-13313	211.2168
RXN-13313|unclassified	211.2168
RXN-13404	147.349
RXN-13404|unclassified	147.349
RXN-13602	2427.5025
RXN-13602|unclassified	2427.5025
RXN-13603	2427.5025
RXN-13603|unclassified	2427.5025
RXN-13614	1292.3024
RXN-13614|unclassified	1292.3024
RXN-13616	437.52700000000004
RXN-13616|unclassified	437.52700000000004
RXN-13682	105.626
RXN-13682|unclassified	105.626
RXN-13697	335.1983
RXN-13697|unclassified	335.1983
RXN-13909	328.943
RXN-13909|unclassified	328.943
RXN-13997	343.816
RXN-13997|unclassified	343.816
RXN-14014	62.5473
RXN-14014|unclassified	62.5473
RXN-14021	601.552
RXN-14021|unclassified	601.552
RXN-14023	459.22799999999995
RXN-14023|unclassified	459.22799999999995
RXN-14025	642.575
RXN-14025|unclassified	642.575
RXN-14026	642.575
RXN-14026|unclassified	642.575
RXN-14029	912.9888
RXN-14029|unclassified	912.9888
RXN-14047	228.90980000000002
RXN-14047|unclassified	228.90980000000002
RXN-14073	205.307
RXN-14073|unclassified	205.307
RXN-14089	164.763
RXN-14089|unclassified	164.763
RXN-14102	233.116
RXN-14102|unclassified	233.116
RXN-14117	449.7689
RXN-14117|unclassified	449.7689
RXN-14120	315.291
RXN-14120|unclassified	315.291
RXN-14136	205.307
RXN-14136|unclassified	205.307
RXN-14177	435.767
RXN-14177|unclassified	435.767
RXN-14179	2427.5025
RXN-14179|unclassified	2427.5025
RXN-14189	366.1529
RXN-14189|unclassified	366.1529
RXN-14192	449.7689
RXN-14192|unclassified	449.7689
RXN-14207	449.7689
RXN-14207|unclassified	449.7689
RXN-14227	642.575
RXN-14227|unclassified	642.575
RXN-14228	315.291
RXN-14228|unclassified	315.291
RXN-14245	328.943
RXN-14245|unclassified	328.943
RXN-14249	197.264
RXN-14249|unclassified	197.264
RXN-14260	62.6881
RXN-14260|unclassified	62.6881
RXN-14261	62.6881
RXN-14261|unclassified	62.6881
RXN-14266	437.52700000000004
RXN-14266|unclassified	437.52700000000004
RXN-14267	450.31500000000005
RXN-14267|unclassified	450.31500000000005
RXN-14270	766.306
RXN-14270|unclassified	766.306
RXN-14272	437.52700000000004
RXN-14272|unclassified	437.52700000000004
RXN-14273	437.52700000000004
RXN-14273|unclassified	437.52700000000004
RXN-14281	140.546
RXN-14281|unclassified	140.546
RXN-14282	140.546
RXN-14282|unclassified	140.546
RXN-14283	140.546
RXN-14283|unclassified	140.546
RXN-14284	723.9213
RXN-14284|unclassified	723.9213
RXN-14285	723.9213
RXN-14285|unclassified	723.9213
RXN-14286	723.9213
RXN-14286|unclassified	723.9213
RXN-14338	533.138
RXN-14338|unclassified	533.138
RXN-14353	723.9213
RXN-14353|unclassified	723.9213
RXN-14354	62.6881
RXN-14354|unclassified	62.6881
RXN-14371	395.5294
RXN-14371|unclassified	395.5294
RXN-14372	395.5294
RXN-14372|unclassified	395.5294
RXN-14385	644.187
RXN-14385|unclassified	644.187
RXN-14461	1838.4245
RXN-14461|unclassified	1838.4245
RXN-14517	788.4085
RXN-14517|unclassified	788.4085
RXN-14570	421.10339999999997
RXN-14570|unclassified	421.10339999999997
RXN-14712	792.172
RXN-14712|unclassified	792.172
RXN-14950	278.225
RXN-14950|unclassified	278.225
RXN-14957	278.225
RXN-14957|unclassified	278.225
RXN-14959	278.225
RXN-14959|unclassified	278.225
RXN-14986	533.4250999999999
RXN-14986|unclassified	533.4250999999999
RXN-14992	94.0983
RXN-14992|unclassified	94.0983
RXN-15005	315.07820000000004
RXN-15005|unclassified	315.07820000000004
RXN-15006	395.81469999999996
RXN-15006|unclassified	395.81469999999996
RXN-15007	271.4036
RXN-15007|unclassified	271.4036
RXN-15041	374.1888
RXN-15041|unclassified	374.1888
RXN-15043	201.7719
RXN-15043|unclassified	201.7719
RXN-15047	296.644
RXN-15047|unclassified	296.644
RXN-15202	69.701
RXN-15202|unclassified	69.701
RXN-15203	290.869
RXN-15203|unclassified	290.869
RXN-15261	207.104
RXN-15261|unclassified	207.104
RXN-15264	85.9743
RXN-15264|unclassified	85.9743
RXN-15289	594.84
RXN-15289|unclassified	594.84
RXN-15291	594.84
RXN-15291|unclassified	594.84
RXN-15294	1897.0147000000002
RXN-15294|unclassified	1897.0147000000002
RXN-15344	267.665
RXN-15344|unclassified	267.665
RXN-15513	459.85020000000003
RXN-15513|unclassified	459.85020000000003
RXN-15521	792.172
RXN-15521|unclassified	792.172
RXN-15635	450.2234
RXN-15635|unclassified	450.2234
RXN-15709	267.665
RXN-15709|unclassified	267.665
RXN-15733	349.142
RXN-15733|unclassified	349.142
RXN-15878	485.897
RXN-15878|unclassified	485.897
RXN-15881	644.187
RXN-15881|unclassified	644.187
RXN-15910	140.546
RXN-15910|unclassified	140.546
RXN-16006	92.6326
RXN-16006|unclassified	92.6326
RXN-16025	201.7719
RXN-16025|unclassified	201.7719
RXN-16032	201.7719
RXN-16032|unclassified	201.7719
RXN-16067	201.7719
RXN-16067|unclassified	201.7719
RXN-16076	201.7719
RXN-16076|unclassified	201.7719
RXN-16077	201.7719
RXN-16077|unclassified	201.7719
RXN-16118	201.7719
RXN-16118|unclassified	201.7719
RXN-16135	437.52700000000004
RXN-16135|unclassified	437.52700000000004
RXN-16165	677.2742000000001
RXN-16165|unclassified	677.2742000000001
RXN-1623	201.7719
RXN-1623|unclassified	201.7719
RXN-16322	275.2086
RXN-16322|unclassified	275.2086
RXN-16380	1292.3024
RXN-16380|unclassified	1292.3024
RXN-16389	1292.3024
RXN-16389|unclassified	1292.3024
RXN-16391	440.163
RXN-16391|unclassified	440.163
RXN-16393	1292.3024
RXN-16393|unclassified	1292.3024
RXN-16401	1292.3024
RXN-16401|unclassified	1292.3024
RXN-16402	1292.3024
RXN-16402|unclassified	1292.3024
RXN-16418	1292.3024
RXN-16418|unclassified	1292.3024
RXN-16485	418.87800000000004
RXN-16485|unclassified	418.87800000000004
RXN-16512	418.87800000000004
RXN-16512|unclassified	418.87800000000004
RXN-16558	437.52700000000004
RXN-16558|unclassified	437.52700000000004
RXN-16615	260.763
RXN-16615|unclassified	260.763
RXN-16616	1375.6847999999998
RXN-16616|unclassified	1375.6847999999998
RXN-16619	587.0914
RXN-16619|unclassified	587.0914
RXN-16620	288.4018
RXN-16620|unclassified	288.4018
RXN-16621	260.763
RXN-16621|unclassified	260.763
RXN-16622	1375.6847999999998
RXN-16622|unclassified	1375.6847999999998
RXN-16623	587.0914
RXN-16623|unclassified	587.0914
RXN-16624	288.4018
RXN-16624|unclassified	288.4018
RXN-16625	260.763
RXN-16625|unclassified	260.763
RXN-16626	1375.6847999999998
RXN-16626|unclassified	1375.6847999999998
RXN-16627	587.0914
RXN-16627|unclassified	587.0914
RXN-16628	288.4018
RXN-16628|unclassified	288.4018
RXN-16629	260.763
RXN-16629|unclassified	260.763
RXN-16630	1375.6847999999998
RXN-16630|unclassified	1375.6847999999998
RXN-16631	587.0914
RXN-16631|unclassified	587.0914
RXN-16632	288.4018
RXN-16632|unclassified	288.4018
RXN-16637	713.2264
RXN-16637|unclassified	713.2264
RXN-16649	348.839
RXN-16649|unclassified	348.839
RXN-16650	792.172
RXN-16650|unclassified	792.172
RXN-16659	348.839
RXN-16659|unclassified	348.839
RXN-16788	96.299
RXN-16788|unclassified	96.299
RXN-16820	881.741
RXN-16820|unclassified	881.741
RXN-16938	450.31500000000005
RXN-16938|unclassified	450.31500000000005
RXN-17008	201.7719
RXN-17008|unclassified	201.7719
RXN-17009	201.7719
RXN-17009|unclassified	201.7719
RXN-17010	201.7719
RXN-17010|unclassified	201.7719
RXN-17011	201.7719
RXN-17011|unclassified	201.7719
RXN-17012	201.7719
RXN-17012|unclassified	201.7719
RXN-17013	201.7719
RXN-17013|unclassified	201.7719
RXN-17014	201.7719
RXN-17014|unclassified	201.7719
RXN-17015	201.7719
RXN-17015|unclassified	201.7719
RXN-17019	201.7719
RXN-17019|unclassified	201.7719
RXN-17020	201.7719
RXN-17020|unclassified	201.7719
RXN-17021	201.7719
RXN-17021|unclassified	201.7719
RXN-17022	201.7719
RXN-17022|unclassified	201.7719
RXN-17023	201.7719
RXN-17023|unclassified	201.7719
RXN-17024	201.7719
RXN-17024|unclassified	201.7719
RXN-17114	437.52700000000004
RXN-17114|unclassified	437.52700000000004
RXN-17362	406.73
RXN-17362|unclassified	406.73
RXN-17388	579.6246
RXN-17388|unclassified	579.6246
RXN-17475	437.52700000000004
RXN-17475|unclassified	437.52700000000004
RXN-17729	201.7719
RXN-17729|unclassified	201.7719
RXN-17776	437.52700000000004
RXN-17776|unclassified	437.52700000000004
RXN-17780	437.52700000000004
RXN-17780|unclassified	437.52700000000004
RXN-17785	437.52700000000004
RXN-17785|unclassified	437.52700000000004
RXN-17789	437.52700000000004
RXN-17789|unclassified	437.52700000000004
RXN-17793	437.52700000000004
RXN-17793|unclassified	437.52700000000004
RXN-17797	437.52700000000004
RXN-17797|unclassified	437.52700000000004
RXN-17824	317.794
RXN-17824|unclassified	317.794
RXN-17830	2327.5265
RXN-17830|unclassified	2327.5265
RXN-17873	1150.757
RXN-17873|unclassified	1150.757
RXN-17874	1150.757
RXN-17874|unclassified	1150.757
RXN-17875	1150.757
RXN-17875|unclassified	1150.757
RXN-17876	1150.757
RXN-17876|unclassified	1150.757
RXN-17877	1150.757
RXN-17877|unclassified	1150.757
RXN-17878	1150.757
RXN-17878|unclassified	1150.757
RXN-18082	1491.1409999999998
RXN-18082|unclassified	1491.1409999999998
RXN-1823	495.8436
RXN-1823|unclassified	495.8436
RXN-1824	237.261
RXN-1824|unclassified	237.261
RXN-1826	723.9213
RXN-1826|unclassified	723.9213
RXN-1828	62.6881
RXN-1828|unclassified	62.6881
RXN-18357	290.28999999999996
RXN-18357|unclassified	290.28999999999996
RXN-18388	92.5621
RXN-18388|unclassified	92.5621
RXN-1841	121.79
RXN-1841|unclassified	121.79
RXN-18510	481.4105
RXN-18510|unclassified	481.4105
RXN-18511	481.4105
RXN-18511|unclassified	481.4105
RXN-18605	317.347
RXN-18605|unclassified	317.347
RXN-18693	881.741
RXN-18693|unclassified	881.741
RXN-18777	395.5294
RXN-18777|unclassified	395.5294
RXN-18846	2427.5025
RXN-18846|unclassified	2427.5025
RXN-19040	210.5971
RXN-19040|unclassified	210.5971
RXN-19249	348.839
RXN-19249|unclassified	348.839
RXN-19253	348.839
RXN-19253|unclassified	348.839
RXN-19256	348.839
RXN-19256|unclassified	348.839
RXN-19295	578.89
RXN-19295|unclassified	578.89
RXN-19296	178.39
RXN-19296|unclassified	178.39
RXN-19297	178.39
RXN-19297|unclassified	178.39
RXN-19298	578.89
RXN-19298|unclassified	578.89
RXN-19299	578.89
RXN-19299|unclassified	578.89
RXN-19300	578.89
RXN-19300|unclassified	578.89
RXN-19301	578.89
RXN-19301|unclassified	578.89
RXN-19302	178.39
RXN-19302|unclassified	178.39
RXN-19303	178.39
RXN-19303|unclassified	178.39
RXN-19304	178.39
RXN-19304|unclassified	178.39
RXN-19305	178.39
RXN-19305|unclassified	178.39
RXN-19306	578.89
RXN-19306|unclassified	578.89
RXN-19307	178.39
RXN-19307|unclassified	178.39
RXN-19308	178.39
RXN-19308|unclassified	178.39
RXN-19310	96.299
RXN-19310|unclassified	96.299
RXN-19313	96.299
RXN-19313|unclassified	96.299
RXN-19314	96.299
RXN-19314|unclassified	96.299
RXN-19315	96.299
RXN-19315|unclassified	96.299
RXN-19316	578.89
RXN-19316|unclassified	578.89
RXN-19318	178.39
RXN-19318|unclassified	178.39
RXN-19319	96.299
RXN-19319|unclassified	96.299
RXN-19320	96.299
RXN-19320|unclassified	96.299
RXN-19322	96.299
RXN-19322|unclassified	96.299
RXN-19323	96.299
RXN-19323|unclassified	96.299
RXN-19324	96.299
RXN-19324|unclassified	96.299
RXN-19326	96.299
RXN-19326|unclassified	96.299
RXN-19329	290.28999999999996
RXN-19329|unclassified	290.28999999999996
RXN-19503	115.113
RXN-19503|unclassified	115.113
RXN-19534	115.113
RXN-19534|unclassified	115.113
RXN-19536	210.192
RXN-19536|unclassified	210.192
RXN-1961	301.58
RXN-1961|unclassified	301.58
RXN-19667	435.767
RXN-19667|unclassified	435.767
RXN-19668	328.1132
RXN-19668|unclassified	328.1132
RXN-19726	374.1888
RXN-19726|unclassified	374.1888
RXN-19727	374.1888
RXN-19727|unclassified	374.1888
RXN-19728	374.1888
RXN-19728|unclassified	374.1888
RXN-19729	374.1888
RXN-19729|unclassified	374.1888
RXN-19751	1292.3024
RXN-19751|unclassified	1292.3024
RXN-19757	1942.461
RXN-19757|unclassified	1942.461
RXN-19758	1942.461
RXN-19758|unclassified	1942.461
RXN-19765	3618.6432
RXN-19765|unclassified	3618.6432
RXN-19769	1942.461
RXN-19769|unclassified	1942.461
RXN-19782	556.5159
RXN-19782|unclassified	556.5159
RXN-19792	149.999
RXN-19792|unclassified	149.999
RXN-19915	415.6595
RXN-19915|unclassified	415.6595
RXN-19916	773.5426
RXN-19916|unclassified	773.5426
RXN-19944	74.5929
RXN-19944|unclassified	74.5929
RXN-19947	62.6881
RXN-19947|unclassified	62.6881
RXN-19960	1292.3024
RXN-19960|unclassified	1292.3024
RXN-20037	644.187
RXN-20037|unclassified	644.187
RXN-20165	2198.058
RXN-20165|unclassified	2198.058
RXN-20190	148.4469
RXN-20190|unclassified	148.4469
RXN-2043	337.013
RXN-2043|unclassified	337.013
RXN-20481	533.1579999999999
RXN-20481|unclassified	533.1579999999999
RXN-20482	533.1579999999999
RXN-20482|unclassified	533.1579999999999
RXN-20490	533.1579999999999
RXN-20490|unclassified	533.1579999999999
RXN-20498	533.1579999999999
RXN-20498|unclassified	533.1579999999999
RXN-20512	201.7719
RXN-20512|unclassified	201.7719
RXN-20524	906.5778
RXN-20524|unclassified	906.5778
RXN-20525	106.983
RXN-20525|unclassified	106.983
RXN-20528	201.7719
RXN-20528|unclassified	201.7719
RXN-20556	205.307
RXN-20556|unclassified	205.307
RXN-20557	205.307
RXN-20557|unclassified	205.307
RXN-20565	201.7719
RXN-20565|unclassified	201.7719
RXN-20651	1292.3024
RXN-20651|unclassified	1292.3024
RXN-20675	437.52700000000004
RXN-20675|unclassified	437.52700000000004
RXN-20678	437.52700000000004
RXN-20678|unclassified	437.52700000000004
RXN-20716	338.763
RXN-20716|unclassified	338.763
RXN-20769	274.762
RXN-20769|unclassified	274.762
RXN-20770	274.762
RXN-20770|unclassified	274.762
RXN-20784	568.368
RXN-20784|unclassified	568.368
RXN-20785	603.0690000000001
RXN-20785|unclassified	603.0690000000001
RXN-20788	620.2149
RXN-20788|unclassified	620.2149
RXN-20789	294.6519
RXN-20789|unclassified	294.6519
RXN-20894	890.8582
RXN-20894|unclassified	890.8582
RXN-20927	3125.874799999999
RXN-20927|unclassified	3125.874799999999
RXN-20947	260.763
RXN-20947|unclassified	260.763
RXN-2102	556.5159
RXN-2102|unclassified	556.5159
RXN-2103	149.999
RXN-2103|unclassified	149.999
RXN-21055	2427.5025
RXN-21055|unclassified	2427.5025
RXN-21092	723.9213
RXN-21092|unclassified	723.9213
RXN-21218	137.966
RXN-21218|unclassified	137.966
RXN-21219	137.966
RXN-21219|unclassified	137.966
RXN-21220	137.966
RXN-21220|unclassified	137.966
RXN-21223	437.52700000000004
RXN-21223|unclassified	437.52700000000004
RXN-21262	670.565
RXN-21262|unclassified	670.565
RXN-21263	670.565
RXN-21263|unclassified	670.565
RXN-21264	670.565
RXN-21264|unclassified	670.565
RXN-21265	670.565
RXN-21265|unclassified	670.565
RXN-21432	1491.1409999999998
RXN-21432|unclassified	1491.1409999999998
RXN-21443	1292.3024
RXN-21443|unclassified	1292.3024
RXN-21445	1292.3024
RXN-21445|unclassified	1292.3024
RXN-21446	1292.3024
RXN-21446|unclassified	1292.3024
RXN-21447	1292.3024
RXN-21447|unclassified	1292.3024
RXN-21448	1292.3024
RXN-21448|unclassified	1292.3024
RXN-21449	1292.3024
RXN-21449|unclassified	1292.3024
RXN-21450	1292.3024
RXN-21450|unclassified	1292.3024
RXN-21463	105.626
RXN-21463|unclassified	105.626
RXN-21560	644.187
RXN-21560|unclassified	644.187
RXN-21566	644.187
RXN-21566|unclassified	644.187
RXN-21614	1375.6847999999998
RXN-21614|unclassified	1375.6847999999998
RXN-21615	587.0914
RXN-21615|unclassified	587.0914
RXN-21616	288.4018
RXN-21616|unclassified	288.4018
RXN-21617	467.3169
RXN-21617|unclassified	467.3169
RXN-21618	1375.6847999999998
RXN-21618|unclassified	1375.6847999999998
RXN-21619	587.0914
RXN-21619|unclassified	587.0914
RXN-21620	288.4018
RXN-21620|unclassified	288.4018
RXN-21621	467.3169
RXN-21621|unclassified	467.3169
RXN-21622	1375.6847999999998
RXN-21622|unclassified	1375.6847999999998
RXN-21623	587.0914
RXN-21623|unclassified	587.0914
RXN-21624	288.4018
RXN-21624|unclassified	288.4018
RXN-21625	467.3169
RXN-21625|unclassified	467.3169
RXN-21626	1375.6847999999998
RXN-21626|unclassified	1375.6847999999998
RXN-21627	587.0914
RXN-21627|unclassified	587.0914
RXN-21628	288.4018
RXN-21628|unclassified	288.4018
RXN-21629	467.3169
RXN-21629|unclassified	467.3169
RXN-21631	1375.6847999999998
RXN-21631|unclassified	1375.6847999999998
RXN-21632	587.0914
RXN-21632|unclassified	587.0914
RXN-21633	288.4018
RXN-21633|unclassified	288.4018
RXN-21634	467.3169
RXN-21634|unclassified	467.3169
RXN-21635	1375.6847999999998
RXN-21635|unclassified	1375.6847999999998
RXN-21636	587.0914
RXN-21636|unclassified	587.0914
RXN-21637	288.4018
RXN-21637|unclassified	288.4018
RXN-21645	1375.6847999999998
RXN-21645|unclassified	1375.6847999999998
RXN-21646	587.0914
RXN-21646|unclassified	587.0914
RXN-21647	288.4018
RXN-21647|unclassified	288.4018
RXN-21649	467.3169
RXN-21649|unclassified	467.3169
RXN-21650	1375.6847999999998
RXN-21650|unclassified	1375.6847999999998
RXN-21651	587.0914
RXN-21651|unclassified	587.0914
RXN-21652	288.4018
RXN-21652|unclassified	288.4018
RXN-21654	467.3169
RXN-21654|unclassified	467.3169
RXN-21655	1375.6847999999998
RXN-21655|unclassified	1375.6847999999998
RXN-21656	587.0914
RXN-21656|unclassified	587.0914
RXN-21657	288.4018
RXN-21657|unclassified	288.4018
RXN-21659	467.3169
RXN-21659|unclassified	467.3169
RXN-21660	1375.6847999999998
RXN-21660|unclassified	1375.6847999999998
RXN-21661	587.0914
RXN-21661|unclassified	587.0914
RXN-21662	288.4018
RXN-21662|unclassified	288.4018
RXN-21664	467.3169
RXN-21664|unclassified	467.3169
RXN-21665	1375.6847999999998
RXN-21665|unclassified	1375.6847999999998
RXN-21666	587.0914
RXN-21666|unclassified	587.0914
RXN-21667	288.4018
RXN-21667|unclassified	288.4018
RXN-21669	467.3169
RXN-21669|unclassified	467.3169
RXN-21670	1375.6847999999998
RXN-21670|unclassified	1375.6847999999998
RXN-21671	587.0914
RXN-21671|unclassified	587.0914
RXN-21672	288.4018
RXN-21672|unclassified	288.4018
RXN-21676	1375.6847999999998
RXN-21676|unclassified	1375.6847999999998
RXN-21677	587.0914
RXN-21677|unclassified	587.0914
RXN-21678	288.4018
RXN-21678|unclassified	288.4018
RXN-21680	467.3169
RXN-21680|unclassified	467.3169
RXN-21681	1375.6847999999998
RXN-21681|unclassified	1375.6847999999998
RXN-21682	587.0914
RXN-21682|unclassified	587.0914
RXN-21683	288.4018
RXN-21683|unclassified	288.4018
RXN-21685	467.3169
RXN-21685|unclassified	467.3169
RXN-21686	1375.6847999999998
RXN-21686|unclassified	1375.6847999999998
RXN-21687	587.0914
RXN-21687|unclassified	587.0914
RXN-21688	288.4018
RXN-21688|unclassified	288.4018
RXN-21690	467.3169
RXN-21690|unclassified	467.3169
RXN-21691	1375.6847999999998
RXN-21691|unclassified	1375.6847999999998
RXN-21692	587.0914
RXN-21692|unclassified	587.0914
RXN-21693	288.4018
RXN-21693|unclassified	288.4018
RXN-21695	467.3169
RXN-21695|unclassified	467.3169
RXN-21696	1375.6847999999998
RXN-21696|unclassified	1375.6847999999998
RXN-21698	587.0914
RXN-21698|unclassified	587.0914
RXN-21699	288.4018
RXN-21699|unclassified	288.4018
RXN-21701	467.3169
RXN-21701|unclassified	467.3169
RXN-21702	1375.6847999999998
RXN-21702|unclassified	1375.6847999999998
RXN-21703	587.0914
RXN-21703|unclassified	587.0914
RXN-21704	288.4018
RXN-21704|unclassified	288.4018
RXN-21719	274.762
RXN-21719|unclassified	274.762
RXN-21720	274.762
RXN-21720|unclassified	274.762
RXN-21721	274.762
RXN-21721|unclassified	274.762
RXN-21722	274.762
RXN-21722|unclassified	274.762
RXN-21723	274.762
RXN-21723|unclassified	274.762
RXN-21724	274.762
RXN-21724|unclassified	274.762
RXN-21725	274.762
RXN-21725|unclassified	274.762
RXN-21726	274.762
RXN-21726|unclassified	274.762
RXN-21730	182.351
RXN-21730|unclassified	182.351
RXN-21755	437.52700000000004
RXN-21755|unclassified	437.52700000000004
RXN-21759	437.52700000000004
RXN-21759|unclassified	437.52700000000004
RXN-21766	437.52700000000004
RXN-21766|unclassified	437.52700000000004
RXN-21779	437.52700000000004
RXN-21779|unclassified	437.52700000000004
RXN-21780	437.52700000000004
RXN-21780|unclassified	437.52700000000004
RXN-21781	437.52700000000004
RXN-21781|unclassified	437.52700000000004
RXN-21792	205.523
RXN-21792|unclassified	205.523
RXN-22	748.12
RXN-22|unclassified	748.12
RXN-2425	437.52700000000004
RXN-2425|unclassified	437.52700000000004
RXN-5341	2427.5025
RXN-5341|unclassified	2427.5025
RXN-5424	108.544
RXN-5424|unclassified	108.544
RXN-5841	642.575
RXN-5841|unclassified	642.575
RXN-6341	146.199
RXN-6341|unclassified	146.199
RXN-6622	63.7906
RXN-6622|unclassified	63.7906
RXN-7001	912.9888
RXN-7001|unclassified	912.9888
RXN-7253	525.0483
RXN-7253|unclassified	525.0483
RXN-7607	642.575
RXN-7607|unclassified	642.575
RXN-7609	642.575
RXN-7609|unclassified	642.575
RXN-7644	197.264
RXN-7644|unclassified	197.264
RXN-7657	108.544
RXN-7657|unclassified	108.544
RXN-7669	395.5294
RXN-7669|unclassified	395.5294
RXN-7693	108.544
RXN-7693|unclassified	108.544
RXN-7694	108.544
RXN-7694|unclassified	108.544
RXN-7700	108.544
RXN-7700|unclassified	108.544
RXN-7706	108.544
RXN-7706|unclassified	108.544
RXN-7710	395.5294
RXN-7710|unclassified	395.5294
RXN-7716	518.3096
RXN-7716|unclassified	518.3096
RXN-7719	518.3096
RXN-7719|unclassified	518.3096
RXN-7737	504.053
RXN-7737|unclassified	504.053
RXN-7904	1292.3024
RXN-7904|unclassified	1292.3024
RXN-7933	123.709
RXN-7933|unclassified	123.709
RXN-8001	294.714
RXN-8001|unclassified	294.714
RXN-8036	2427.5025
RXN-8036|unclassified	2427.5025
RXN-8391	467.3169
RXN-8391|unclassified	467.3169
RXN-8457	83.8148
RXN-8457|unclassified	83.8148
RXN-8629	518.3096
RXN-8629|unclassified	518.3096
RXN-8631	773.5426
RXN-8631|unclassified	773.5426
RXN-8641	106.724
RXN-8641|unclassified	106.724
RXN-8668	384.48530000000005
RXN-8668|unclassified	384.48530000000005
RXN-8748	220.388
RXN-8748|unclassified	220.388
RXN-8764	338.885
RXN-8764|unclassified	338.885
RXN-8769	113.651
RXN-8769|unclassified	113.651
RXN-8770	96.299
RXN-8770|unclassified	96.299
RXN-8772	233.116
RXN-8772|unclassified	233.116
RXN-8975	565.445
RXN-8975|unclassified	565.445
RXN-8976	501.9012
RXN-8976|unclassified	501.9012
RXN-9023	62.6881
RXN-9023|unclassified	62.6881
RXN-9024	377.14
RXN-9024|unclassified	377.14
RXN-9025	723.9213
RXN-9025|unclassified	723.9213
RXN-9190	328.1132
RXN-9190|unclassified	328.1132
RXN-9191	435.767
RXN-9191|unclassified	435.767
RXN-9204	328.1132
RXN-9204|unclassified	328.1132
RXN-9205	435.767
RXN-9205|unclassified	435.767
RXN-9217	328.1132
RXN-9217|unclassified	328.1132
RXN-9220	435.767
RXN-9220|unclassified	435.767
RXN-9358	328.1132
RXN-9358|unclassified	328.1132
RXN-9359	328.1132
RXN-9359|unclassified	328.1132
RXN-9360	328.1132
RXN-9360|unclassified	328.1132
RXN-9361	435.767
RXN-9361|unclassified	435.767
RXN-9362	435.767
RXN-9362|unclassified	435.767
RXN-9363	435.767
RXN-9363|unclassified	435.767
RXN-9365	328.1132
RXN-9365|unclassified	328.1132
RXN-9366	435.767
RXN-9366|unclassified	435.767
RXN-9380	206.97250000000003
RXN-9380|unclassified	206.97250000000003
RXN-9514	1375.6847999999998
RXN-9514|unclassified	1375.6847999999998
RXN-9516	260.763
RXN-9516|unclassified	260.763
RXN-9518	1375.6847999999998
RXN-9518|unclassified	1375.6847999999998
RXN-9520	587.0914
RXN-9520|unclassified	587.0914
RXN-9523	260.763
RXN-9523|unclassified	260.763
RXN-9524	1375.6847999999998
RXN-9524|unclassified	1375.6847999999998
RXN-9527	260.763
RXN-9527|unclassified	260.763
RXN-9528	1375.6847999999998
RXN-9528|unclassified	1375.6847999999998
RXN-9531	260.763
RXN-9531|unclassified	260.763
RXN-9532	1375.6847999999998
RXN-9532|unclassified	1375.6847999999998
RXN-9533	587.0914
RXN-9533|unclassified	587.0914
RXN-9535	467.3169
RXN-9535|unclassified	467.3169
RXN-9536	1375.6847999999998
RXN-9536|unclassified	1375.6847999999998
RXN-9537	587.0914
RXN-9537|unclassified	587.0914
RXN-9539	260.763
RXN-9539|unclassified	260.763
RXN-9540	1375.6847999999998
RXN-9540|unclassified	1375.6847999999998
RXN-9552	1375.6847999999998
RXN-9552|unclassified	1375.6847999999998
RXN-9556	1375.6847999999998
RXN-9556|unclassified	1375.6847999999998
RXN-9557	587.0914
RXN-9557|unclassified	587.0914
RXN-9558	288.4018
RXN-9558|unclassified	288.4018
RXN-9623	1292.3024
RXN-9623|unclassified	1292.3024
RXN-9632	260.763
RXN-9632|unclassified	260.763
RXN-9633	1375.6847999999998
RXN-9633|unclassified	1375.6847999999998
RXN-9634	587.0914
RXN-9634|unclassified	587.0914
RXN-9635	288.4018
RXN-9635|unclassified	288.4018
RXN-9644	1292.3024
RXN-9644|unclassified	1292.3024
RXN-9648	260.763
RXN-9648|unclassified	260.763
RXN-9650	260.763
RXN-9650|unclassified	260.763
RXN-9651	260.763
RXN-9651|unclassified	260.763
RXN-9652	260.763
RXN-9652|unclassified	260.763
RXN-9653	260.763
RXN-9653|unclassified	260.763
RXN-9654	260.763
RXN-9654|unclassified	260.763
RXN-9655	587.0914
RXN-9655|unclassified	587.0914
RXN-9657	288.4018
RXN-9657|unclassified	288.4018
RXN-9658	288.4018
RXN-9658|unclassified	288.4018
RXN-9659	288.4018
RXN-9659|unclassified	288.4018
RXN-9660	288.4018
RXN-9660|unclassified	288.4018
RXN-9661	288.4018
RXN-9661|unclassified	288.4018
RXN-9662	288.4018
RXN-9662|unclassified	288.4018
RXN-9663	288.4018
RXN-9663|unclassified	288.4018
RXN-9673	1292.3024
RXN-9673|unclassified	1292.3024
RXN-9674	2427.5025
RXN-9674|unclassified	2427.5025
RXN-9778	388.558
RXN-9778|unclassified	388.558
RXN-9787	644.187
RXN-9787|unclassified	644.187
RXN-982	272.793
RXN-982|unclassified	272.793
RXN-9929	295.53180000000003
RXN-9929|unclassified	295.53180000000003
RXN-9935	159.259
RXN-9935|unclassified	159.259
RXN-9939	210.192
RXN-9939|unclassified	210.192
RXN-9952	232.661
RXN-9952|unclassified	232.661
RXN-9985	230.665
RXN-9985|unclassified	230.665
RXN0-1132	518.3096
RXN0-1132|unclassified	518.3096
RXN0-1321	419.365
RXN0-1321|unclassified	419.365
RXN0-1342	1371.5589
RXN0-1342|unclassified	1371.5589
RXN0-1483	194.578
RXN0-1483|unclassified	194.578
RXN0-1602	408.909
RXN0-1602|unclassified	408.909
RXN0-1603	408.909
RXN0-1603|unclassified	408.909
RXN0-1863	153.554
RXN0-1863|unclassified	153.554
RXN0-20	299.18399999999997
RXN0-20|unclassified	299.18399999999997
RXN0-2023	881.741
RXN0-2023|unclassified	881.741
RXN0-2141	260.763
RXN0-2141|unclassified	260.763
RXN0-2142	1375.6847999999998
RXN0-2142|unclassified	1375.6847999999998
RXN0-2144	587.0914
RXN0-2144|unclassified	587.0914
RXN0-2145	288.4018
RXN0-2145|unclassified	288.4018
RXN0-2161	188.715
RXN0-2161|unclassified	188.715
RXN0-2584	729.914
RXN0-2584|unclassified	729.914
RXN0-2605	327.189
RXN0-2605|unclassified	327.189
RXN0-2921	146.199
RXN0-2921|unclassified	146.199
RXN0-302	282.9678
RXN0-302|unclassified	282.9678
RXN0-3521	606.227
RXN0-3521|unclassified	606.227
RXN0-4022	1071.7664
RXN0-4022|unclassified	1071.7664
RXN0-4222	545.6952
RXN0-4222|unclassified	545.6952
RXN0-4401	193.921
RXN0-4401|unclassified	193.921
RXN0-4641	87.1633
RXN0-4641|unclassified	87.1633
RXN0-5001	1904.6143000000004
RXN0-5001|unclassified	1904.6143000000004
RXN0-5055	67.4903
RXN0-5055|unclassified	67.4903
RXN0-5063	306.423
RXN0-5063|unclassified	306.423
RXN0-5114	335.31100000000004
RXN0-5114|unclassified	335.31100000000004
RXN0-5116	112.799
RXN0-5116|unclassified	112.799
RXN0-5181	495.8436
RXN0-5181|unclassified	495.8436
RXN0-5182	723.9213
RXN0-5182|unclassified	723.9213
RXN0-5183	140.546
RXN0-5183|unclassified	140.546
RXN0-5184	723.9213
RXN0-5184|unclassified	723.9213
RXN0-5199	912.9888
RXN0-5199|unclassified	912.9888
RXN0-5225	450.31500000000005
RXN0-5225|unclassified	450.31500000000005
RXN0-5226	1491.1409999999998
RXN0-5226|unclassified	1491.1409999999998
RXN0-5228	188.88
RXN0-5228|unclassified	188.88
RXN0-5306	294.109
RXN0-5306|unclassified	294.109
RXN0-5393	437.52700000000004
RXN0-5393|unclassified	437.52700000000004
RXN0-5408	525.0483
RXN0-5408|unclassified	525.0483
RXN0-5507	572.2003000000001
RXN0-5507|unclassified	572.2003000000001
RXN0-5514	201.7719
RXN0-5514|unclassified	201.7719
RXN0-5515	906.5778
RXN0-5515|unclassified	906.5778
RXN0-6274	870.5618000000001
RXN0-6274|unclassified	870.5618000000001
RXN0-6359	210.5971
RXN0-6359|unclassified	210.5971
RXN0-6366	793.746
RXN0-6366|unclassified	793.746
RXN0-6479	545.6952
RXN0-6479|unclassified	545.6952
RXN0-6480	110.027
RXN0-6480|unclassified	110.027
RXN0-6515	332.019
RXN0-6515|unclassified	332.019
RXN0-6524	545.6952
RXN0-6524|unclassified	545.6952
RXN0-6525	545.6952
RXN0-6525|unclassified	545.6952
RXN0-6550	275.312
RXN0-6550|unclassified	275.312
RXN0-6563	113.063
RXN0-6563|unclassified	113.063
RXN0-6565	295.53180000000003
RXN0-6565|unclassified	295.53180000000003
RXN0-6575	685.332
RXN0-6575|unclassified	685.332
RXN0-6705	201.7719
RXN0-6705|unclassified	201.7719
RXN0-6727	307.85400000000004
RXN0-6727|unclassified	307.85400000000004
RXN0-6974	63.7906
RXN0-6974|unclassified	63.7906
RXN0-6975	63.7906
RXN0-6975|unclassified	63.7906
RXN0-6976	63.7906
RXN0-6976|unclassified	63.7906
RXN0-6977	63.7906
RXN0-6977|unclassified	63.7906
RXN0-6978	63.7906
RXN0-6978|unclassified	63.7906
RXN0-6979	63.7906
RXN0-6979|unclassified	63.7906
RXN0-6980	63.7906
RXN0-6980|unclassified	63.7906
RXN0-6981	63.7906
RXN0-6981|unclassified	63.7906
RXN0-6982	63.7906
RXN0-6982|unclassified	63.7906
RXN0-6983	63.7906
RXN0-6983|unclassified	63.7906
RXN0-6984	63.7906
RXN0-6984|unclassified	63.7906
RXN0-6985	63.7906
RXN0-6985|unclassified	63.7906
RXN0-6987	63.7906
RXN0-6987|unclassified	63.7906
RXN0-6988	63.7906
RXN0-6988|unclassified	63.7906
RXN0-7154	459.22799999999995
RXN0-7154|unclassified	459.22799999999995
RXN0-7165	210.192
RXN0-7165|unclassified	210.192
RXN0-7192	218.54109999999997
RXN0-7192|unclassified	218.54109999999997
RXN0-722	310.116
RXN0-722|unclassified	310.116
RXN0-7238	1292.3024
RXN0-7238|unclassified	1292.3024
RXN0-7239	1292.3024
RXN0-7239|unclassified	1292.3024
RXN0-7248	1292.3024
RXN0-7248|unclassified	1292.3024
RXN0-743	479.33209999999997
RXN0-743|unclassified	479.33209999999997
RXN0-747	310.116
RXN0-747|unclassified	310.116
RXN0-748	310.116
RXN0-748|unclassified	310.116
RXN0-884	156.897
RXN0-884|unclassified	156.897
RXN0-947	223.385
RXN0-947|unclassified	223.385
RXN0-949	278.225
RXN0-949|unclassified	278.225
RXN18C3-14	2427.5025
RXN18C3-14|unclassified	2427.5025
RXN1G-1435	110.601
RXN1G-1435|unclassified	110.601
RXN1G-1436	110.601
RXN1G-1436|unclassified	110.601
RXN1G-1437	110.601
RXN1G-1437|unclassified	110.601
RXN1G-1438	110.601
RXN1G-1438|unclassified	110.601
RXN1G-1439	110.601
RXN1G-1439|unclassified	110.601
RXN1G-157	1375.6847999999998
RXN1G-157|unclassified	1375.6847999999998
RXN1G-2	269.536
RXN1G-2|unclassified	269.536
RXN1G-320	587.0914
RXN1G-320|unclassified	587.0914
RXN1G-349	1375.6847999999998
RXN1G-349|unclassified	1375.6847999999998
RXN1G-368	260.763
RXN1G-368|unclassified	260.763
RXN1G-395	288.4018
RXN1G-395|unclassified	288.4018
RXN1G-4355	874.2929999999999
RXN1G-4355|unclassified	874.2929999999999
RXN1G-445	260.763
RXN1G-445|unclassified	260.763
RXN1G-469	1375.6847999999998
RXN1G-469|unclassified	1375.6847999999998
RXN1G-499	274.762
RXN1G-499|unclassified	274.762
RXN1G-508	274.762
RXN1G-508|unclassified	274.762
RXN1G-517	274.762
RXN1G-517|unclassified	274.762
RXN1G-526	274.762
RXN1G-526|unclassified	274.762
RXN1G-536	274.762
RXN1G-536|unclassified	274.762
RXN1YI0-11	538.811
RXN1YI0-11|unclassified	538.811
RXN3O-1803	274.762
RXN3O-1803|unclassified	274.762
RXN3O-4113	108.544
RXN3O-4113|unclassified	108.544
RXN3O-5293	274.762
RXN3O-5293|unclassified	274.762
RXN3O-5304	274.762
RXN3O-5304|unclassified	274.762
RXN66-1	366.1529
RXN66-1|unclassified	366.1529
RXN66-469	1292.3024
RXN66-469|unclassified	1292.3024
RXN66-477	1292.3024
RXN66-477|unclassified	1292.3024
RXN66-478	108.544
RXN66-478|unclassified	108.544
RXN66-480	1292.3024
RXN66-480|unclassified	1292.3024
RXN66-483	1292.3024
RXN66-483|unclassified	1292.3024
RXN66-484	1292.3024
RXN66-484|unclassified	1292.3024
RXN66-546	590.1553
RXN66-546|unclassified	590.1553
RXN66-579	348.789
RXN66-579|unclassified	348.789
RXN66-610	274.762
RXN66-610|unclassified	274.762
RXN66-614	274.762
RXN66-614|unclassified	274.762
RXN66-616	274.762
RXN66-616|unclassified	274.762
RXN66-618	274.762
RXN66-618|unclassified	274.762
RXN66-619	274.762
RXN66-619|unclassified	274.762
RXN66-620	274.762
RXN66-620|unclassified	274.762
RXN66-622	274.762
RXN66-622|unclassified	274.762
RXN66-623	274.762
RXN66-623|unclassified	274.762
RXN66-624	274.762
RXN66-624|unclassified	274.762
RXN66-626	274.762
RXN66-626|unclassified	274.762
RXN66-627	274.762
RXN66-627|unclassified	274.762
RXN66-628	274.762
RXN66-628|unclassified	274.762
RXN66-630	274.762
RXN66-630|unclassified	274.762
RXN66-631	274.762
RXN66-631|unclassified	274.762
RXN66-632	274.762
RXN66-632|unclassified	274.762
RXN66-635	274.762
RXN66-635|unclassified	274.762
RXN66-636	274.762
RXN66-636|unclassified	274.762
RXN66-637	274.762
RXN66-637|unclassified	274.762
RXN66-639	274.762
RXN66-639|unclassified	274.762
RXN66-640	274.762
RXN66-640|unclassified	274.762
RXN66-641	274.762
RXN66-641|unclassified	274.762
RXN66-642	274.762
RXN66-642|unclassified	274.762
RXN66-645	274.762
RXN66-645|unclassified	274.762
RXN66-646	274.762
RXN66-646|unclassified	274.762
RXN66-648	274.762
RXN66-648|unclassified	274.762
RXNQT-4165	533.4250999999999
RXNQT-4165|unclassified	533.4250999999999
RXNQT-4168	533.4250999999999
RXNQT-4168|unclassified	533.4250999999999
RXNQT-4171	533.4250999999999
RXNQT-4171|unclassified	533.4250999999999
RXNQT-4174	533.4250999999999
RXNQT-4174|unclassified	533.4250999999999
RXNQT-4178	533.4250999999999
RXNQT-4178|unclassified	533.4250999999999
S-ADENMETSYN-RXN	576.1918000000001
S-ADENMETSYN-RXN|unclassified	576.1918000000001
SAICARSYN-RXN	642.306
SAICARSYN-RXN|unclassified	642.306
SEDOBISALDOL-RXN	773.5426
SEDOBISALDOL-RXN|unclassified	773.5426
SERINE--TRNA-LIGASE-RXN	188.715
SERINE--TRNA-LIGASE-RXN|unclassified	188.715
SERINE-O-ACETTRAN-RXN	166.72
SERINE-O-ACETTRAN-RXN|unclassified	166.72
SHIKIMATE-5-DEHYDROGENASE-RXN	339.11
SHIKIMATE-5-DEHYDROGENASE-RXN|unclassified	339.11
SHIKIMATE-KINASE-RXN	499.595
SHIKIMATE-KINASE-RXN|unclassified	499.595
SPERMACTRAN-RXN	210.192
SPERMACTRAN-RXN|unclassified	210.192
SUCCCOASYN-RXN	561.2331
SUCCCOASYN-RXN|unclassified	561.2331
SUCCDIAMINOPIMDESUCC-RXN	200.329
SUCCDIAMINOPIMDESUCC-RXN|unclassified	200.329
SUGAR-PHOSPHATASE-RXN	394.84799999999996
SUGAR-PHOSPHATASE-RXN|unclassified	394.84799999999996
SULFATE-ADENYLYLTRANS-RXN	592.537
SULFATE-ADENYLYLTRANS-RXN|unclassified	592.537
SUPEROX-DISMUT-RXN	400.14789999999994
SUPEROX-DISMUT-RXN|unclassified	400.14789999999994
TDCEACT-RXN	181.118
TDCEACT-RXN|unclassified	181.118
TEICHOICSYN4-RXN	72.5164
TEICHOICSYN4-RXN|unclassified	72.5164
TETRAACYLDISACC4KIN-RXN	568.368
TETRAACYLDISACC4KIN-RXN|unclassified	568.368
THI-P-KIN-RXN	766.326
THI-P-KIN-RXN|unclassified	766.326
THI-P-SYN-RXN	436.256
THI-P-SYN-RXN|unclassified	436.256
THIAMIN-PYROPHOSPHOKINASE-RXN	292.773
THIAMIN-PYROPHOSPHOKINASE-RXN|unclassified	292.773
THIAZOLSYN2-RXN	393.589
THIAZOLSYN2-RXN|unclassified	393.589
THIOREDOXIN-REDUCT-NADPH-RXN	346.2091
THIOREDOXIN-REDUCT-NADPH-RXN|unclassified	346.2091
THIOSULFATE-SULFURTRANSFERASE-RXN	210.5971
THIOSULFATE-SULFURTRANSFERASE-RXN|unclassified	210.5971
THREDEHYD-RXN	96.9665
THREDEHYD-RXN|unclassified	96.9665
THREODEHYD-RXN	197.264
THREODEHYD-RXN|unclassified	197.264
THREONINE--TRNA-LIGASE-RXN	690.2297000000001
THREONINE--TRNA-LIGASE-RXN|unclassified	690.2297000000001
THRESYN-RXN	286.001
THRESYN-RXN|unclassified	286.001
THYKI-RXN	755.0976
THYKI-RXN|unclassified	755.0976
THYMIDYLATESYN-RXN	652.318
THYMIDYLATESYN-RXN|unclassified	652.318
TIGLYLCOA-HYDROXY-RXN	437.52700000000004
TIGLYLCOA-HYDROXY-RXN|unclassified	437.52700000000004
TRANS-RXN-214	2945.3007000000002
TRANS-RXN-214|unclassified	2945.3007000000002
TRANS-RXN0-623	1292.3024
TRANS-RXN0-623|unclassified	1292.3024
TRANSALDOL-RXN	278.861
TRANSALDOL-RXN|unclassified	278.861
TREHALOSEPHOSPHA-RXN	110.601
TREHALOSEPHOSPHA-RXN|unclassified	110.601
TRIOSEPISOMERIZATION-RXN	406.21500000000003
TRIOSEPISOMERIZATION-RXN|unclassified	406.21500000000003
TRNA-CYTIDYLYLTRANSFERASE-RXN	168.277
TRNA-CYTIDYLYLTRANSFERASE-RXN|unclassified	168.277
TRNA-GUANINE-N7--METHYLTRANSFERASE-RXN	586.9460999999999
TRNA-GUANINE-N7--METHYLTRANSFERASE-RXN|unclassified	586.9460999999999
TRNA-PSEUDOURIDINE-SYNTHASE-I-RXN	169.876
TRNA-PSEUDOURIDINE-SYNTHASE-I-RXN|unclassified	169.876
TRYPSYN-RXN	891.2321
TRYPSYN-RXN|unclassified	891.2321
TRYPTOPHAN--TRNA-LIGASE-RXN	472.65999999999997
TRYPTOPHAN--TRNA-LIGASE-RXN|unclassified	472.65999999999997
TYROSINE--TRNA-LIGASE-RXN	554.716
TYROSINE--TRNA-LIGASE-RXN|unclassified	554.716
TYROSINE-23-AMINOMUTASE-RXN	106.065
TYROSINE-23-AMINOMUTASE-RXN|unclassified	106.065
UDP-NACMUR-ALA-LIG-RXN	209.0169
UDP-NACMUR-ALA-LIG-RXN|unclassified	209.0169
UDP-NACMURALA-GLU-LIG-RXN	603.4276
UDP-NACMURALA-GLU-LIG-RXN|unclassified	603.4276
UDP-NACMURALGLDAPAALIG-RXN	328.73109999999997
UDP-NACMURALGLDAPAALIG-RXN|unclassified	328.73109999999997
UDP-NACMURALGLDAPLIG-RXN	440.18170000000003
UDP-NACMURALGLDAPLIG-RXN|unclassified	440.18170000000003
UDPACYLGLCNACDEACETYL-RXN	620.2149
UDPACYLGLCNACDEACETYL-RXN|unclassified	620.2149
UDPGLCNACEPIM-RXN	205.0403
UDPGLCNACEPIM-RXN|unclassified	205.0403
UDPGLUCEPIM-RXN	2468.4977
UDPGLUCEPIM-RXN|unclassified	2468.4977
UDPKIN-RXN	315.291
UDPKIN-RXN|unclassified	315.291
UDPMANNACADEHYDROG-RXN	122.381
UDPMANNACADEHYDROG-RXN|unclassified	122.381
UDPNACETYLGLUCOSAMACYLTRANS-RXN	294.6519
UDPNACETYLGLUCOSAMACYLTRANS-RXN|unclassified	294.6519
UDPNACETYLGLUCOSAMENOLPYRTRANS-RXN	428.2842
UDPNACETYLGLUCOSAMENOLPYRTRANS-RXN|unclassified	428.2842
UDPNACETYLMURAMATEDEHYDROG-RXN	380.273
UDPNACETYLMURAMATEDEHYDROG-RXN|unclassified	380.273
UDPREDUCT-RXN	310.116
UDPREDUCT-RXN|unclassified	310.116
UGD-RXN	2070.3226
UGD-RXN|unclassified	2070.3226
UNDECAPRENYL-DIPHOSPHATASE-RXN	703.5898
UNDECAPRENYL-DIPHOSPHATASE-RXN|unclassified	703.5898
URACIL-PRIBOSYLTRANS-RXN	508.697
URACIL-PRIBOSYLTRANS-RXN|unclassified	508.697
UREASE-RXN	374.85540000000003
UREASE-RXN|unclassified	374.85540000000003
URIDINEKIN-RXN	540.9949
URIDINEKIN-RXN|unclassified	540.9949
URKI-RXN	540.9949
URKI-RXN|unclassified	540.9949
UROCANATE-HYDRATASE-RXN	319.106
UROCANATE-HYDRATASE-RXN|unclassified	319.106
UROGENDECARBOX-RXN	214.918
UROGENDECARBOX-RXN|unclassified	214.918
URPHOS-RXN	107.095
URPHOS-RXN|unclassified	107.095
VALINE--TRNA-LIGASE-RXN	559.3313
VALINE--TRNA-LIGASE-RXN|unclassified	559.3313
XANPRIBOSYLTRAN-RXN	55.79
XANPRIBOSYLTRAN-RXN|unclassified	55.79
XANTHOSINEPHOSPHORY-RXN	912.9888
XANTHOSINEPHOSPHORY-RXN|unclassified	912.9888
XMPXAN-RXN	642.575
XMPXAN-RXN|unclassified	642.575
XYLISOM-RXN	347.339
XYLISOM-RXN|unclassified	347.339
XYLULOKIN-RXN	288.2749
XYLULOKIN-RXN|unclassified	288.2749
